,Variable,Year,Month,Modelled,Observed,Yr-Mon,Mod_SE,Obs_SE,Difference_abs,Perc_Difference_abs
462,WetDep_NH4_mgm2,2002,1,1.4725756032724562,1.471868761904762,2002-01-01,1.1815110793902779,1.4214069753652272,0.0007068413676942775,0.47305560672091984
463,WetDep_NH4_mgm2,2002,2,1.494858778015456,1.9559980681818183,2002-02-01,1.1815110793902779,1.4214069753652272,0.46113929016636224,0.18637526308532926
464,WetDep_NH4_mgm2,2002,3,4.259922079321623,4.421453548387096,2002-03-01,1.1815110793902779,1.4214069753652272,0.16153146906547367,3.2220032005117085
465,WetDep_NH4_mgm2,2002,4,4.4398914640739475,4.679935909090909,2002-04-01,1.1815110793902779,1.4214069753652272,0.2400444450169612,3.385826078251047
466,WetDep_NH4_mgm2,2002,5,5.51856352974625,7.196845251798561,2002-05-01,1.1815110793902779,1.4214069753652272,1.6782817220523114,4.214447845835752
467,WetDep_NH4_mgm2,2002,6,3.2689246645698082,3.586860982142857,2002-06-01,1.1815110793902779,1.4214069753652272,0.31793631757304874,2.1716644489952506
468,WetDep_NH4_mgm2,2002,7,2.16193372871816,2.5366070114942527,2002-07-01,1.1815110793902779,1.4214069753652272,0.3746732827760928,0.9886290257112635
469,WetDep_NH4_mgm2,2002,8,1.9069175017858935,2.159625306122449,2002-08-01,1.1815110793902779,1.4214069753652272,0.2527078043365554,0.7743958776989124
470,WetDep_NH4_mgm2,2002,9,2.0159348605802596,1.8939214545454544,2002-09-01,1.1815110793902779,1.4214069753652272,0.12201340603480526,1.07645933903473
471,WetDep_NH4_mgm2,2002,10,3.9895107883529737,4.39594550295858,2002-10-01,1.1815110793902779,1.4214069753652272,0.4064347146056062,2.8876349604213494
472,WetDep_NH4_mgm2,2002,11,1.9917546317370638,2.199276148148148,2002-11-01,1.1815110793902779,1.4214069753652272,0.2075215164110844,0.8875643298271849
473,WetDep_NH4_mgm2,2002,12,1.4304109794915518,1.708538,2002-12-01,1.1815110793902779,1.4214069753652272,0.27812702050844806,0.23597244085050328
474,WetDep_NH4_mgm2,2003,1,1.5317734475189149,1.445998076923077,2003-01-01,1.1815110793902779,1.4214069753652272,0.08577537059583795,0.5877708737275832
475,WetDep_NH4_mgm2,2003,2,1.4339663605996147,1.7700151401869157,2003-02-01,1.1815110793902779,1.4214069753652272,0.33604877958730106,0.19961722325528952
476,WetDep_NH4_mgm2,2003,3,3.7296714802249595,3.7435549375,2003-03-01,1.1815110793902779,1.4214069753652272,0.013883457275040367,2.7259490458634748
477,WetDep_NH4_mgm2,2003,4,5.593356946489618,6.165824906832298,2003-04-01,1.1815110793902779,1.4214069753652272,0.5724679603426797,4.4910091139054735
478,WetDep_NH4_mgm2,2003,5,5.097235106550315,6.231790078740158,2003-05-01,1.1815110793902779,1.4214069753652272,1.134554972189843,3.874652677356131
479,WetDep_NH4_mgm2,2003,6,4.209629045205121,5.137706764705882,2003-06-01,1.1815110793902779,1.4214069753652272,0.9280777195007612,2.9891636052495825
480,WetDep_NH4_mgm2,2003,7,2.4523157363908976,2.8659115533980586,2003-07-01,1.1815110793902779,1.4214069753652272,0.41359581700716097,1.2836605298570707
481,WetDep_NH4_mgm2,2003,8,2.4806660200606285,3.025840786516854,2003-08-01,1.1815110793902779,1.4214069753652272,0.5451747664562254,1.2608965057255626
482,WetDep_NH4_mgm2,2003,9,2.4424671803294,2.66989872,2003-09-01,1.1815110793902779,1.4214069753652272,0.22743153967059992,1.3493516856761913
483,WetDep_NH4_mgm2,2003,10,3.2902807583855473,3.4059001408450706,2003-10-01,1.1815110793902779,1.4214069753652272,0.1156193824595233,2.255141087655365
484,WetDep_NH4_mgm2,2003,11,2.602445326814287,2.6085031578947366,2003-11-01,1.1815110793902779,1.4214069753652272,0.006057831080449549,1.6001175810522406
485,WetDep_NH4_mgm2,2003,12,2.406624930146105,2.5720454716981136,2003-12-01,1.1815110793902779,1.4214069753652272,0.1654205415520087,1.3378894410884203
486,WetDep_NH4_mgm2,2004,1,1.6163598296712667,1.723369328358209,2004-01-01,1.1815110793902779,1.4214069753652272,0.10700949868694232,0.550155821923372
487,WetDep_NH4_mgm2,2004,2,1.3468192952776548,1.4376153548387096,2004-02-01,1.1815110793902779,1.4214069753652272,0.09079605956105485,0.2794041194783381
488,WetDep_NH4_mgm2,2004,3,3.0645680073217014,3.641603170731708,2004-03-01,1.1815110793902779,1.4214069753652272,0.5770351634100064,1.8762755099676258
489,WetDep_NH4_mgm2,2004,4,4.555107444562106,5.206553076923077,2004-04-01,1.1815110793902779,1.4214069753652272,0.6514456323609714,3.4120931160771284
490,WetDep_NH4_mgm2,2004,5,3.954060394171513,3.7595287704918032,2004-05-01,1.1815110793902779,1.4214069753652272,0.19453162367970966,3.0032583335774103
491,WetDep_NH4_mgm2,2004,6,3.8786960189579633,4.349759702380952,2004-06-01,1.1815110793902779,1.4214069753652272,0.4710636834229889,2.7572470368463042
492,WetDep_NH4_mgm2,2004,7,2.692729313195133,2.6817781481481484,2004-07-01,1.1815110793902779,1.4214069753652272,0.010951165046984457,1.6967962518931001
493,WetDep_NH4_mgm2,2004,8,2.65120654256648,2.840080277777778,2004-08-01,1.1815110793902779,1.4214069753652272,0.18887373521129813,1.579965870752031
494,WetDep_NH4_mgm2,2004,9,2.3496240357753173,2.38148312,2004-09-01,1.1815110793902779,1.4214069753652272,0.03185908422468264,1.3360648093886287
495,WetDep_NH4_mgm2,2004,10,2.97653243383147,3.207853,2004-10-01,1.1815110793902779,1.4214069753652272,0.23132056616853003,1.8988176528536702
496,WetDep_NH4_mgm2,2004,11,2.447994238703108,2.6025016875,2004-11-01,1.1815110793902779,1.4214069753652272,0.15450744879689227,1.3848783022543576
497,WetDep_NH4_mgm2,2004,12,2.4783400718336916,2.8482360251572327,2004-12-01,1.1815110793902779,1.4214069753652272,0.3698959533235411,1.3290885798663847
498,WetDep_NH4_mgm2,2005,1,2.548886252241085,2.567821017857143,2005-01-01,1.1815110793902779,1.4214069753652272,0.01893476561605789,1.5414576093978
499,WetDep_NH4_mgm2,2005,2,1.5972177845464268,1.7343087116564417,2005-02-01,1.1815110793902779,1.4214069753652272,0.13709092711001492,0.5113867047547969
500,WetDep_NH4_mgm2,2005,3,3.197445419354705,3.4180699833333335,2005-03-01,1.1815110793902779,1.4214069753652272,0.22062456397862862,2.128445159758982
501,WetDep_NH4_mgm2,2005,4,3.445478908281396,3.7314823529411765,2005-04-01,1.1815110793902779,1.4214069753652272,0.28600344465978056,2.362470579897102
502,WetDep_NH4_mgm2,2005,5,4.4701756293284545,5.007671909638554,2005-05-01,1.1815110793902779,1.4214069753652272,0.5374962803100996,3.3499351007944904
503,WetDep_NH4_mgm2,2005,6,3.4435991366966117,3.350795467105263,2005-06-01,1.1815110793902779,1.4214069753652272,0.09280366959134856,2.4705487513025597
504,WetDep_NH4_mgm2,2005,7,2.113375096545865,2.1726111842105262,2005-07-01,1.1815110793902779,1.4214069753652272,0.05923608766466115,1.085345955972818
505,WetDep_NH4_mgm2,2005,8,2.3780684837469863,2.2495234466666667,2005-08-01,1.1815110793902779,1.4214069753652272,0.1285450370803196,1.4321228719863774
506,WetDep_NH4_mgm2,2005,9,1.6970158784182512,1.5916445913043478,2005-09-01,1.1815110793902779,1.4214069753652272,0.10537128711390342,0.7591079828316274
507,WetDep_NH4_mgm2,2005,10,3.129942375742594,3.0739188986486488,2005-10-01,1.1815110793902779,1.4214069753652272,0.056023477093945395,2.147841579743324
508,WetDep_NH4_mgm2,2005,11,1.6682906132315614,1.7672636692913386,2005-11-01,1.1815110793902779,1.4214069753652272,0.09897305605977724,0.608964584975572
509,WetDep_NH4_mgm2,2005,12,1.9981517900966677,1.9272548055555556,2005-12-01,1.1815110793902779,1.4214069753652272,0.07089698454111204,1.033633070794408
510,WetDep_NH4_mgm2,2006,1,2.340333267696059,2.4931592992700726,2006-01-01,1.1815110793902779,1.4214069753652272,0.15282603157401375,1.2750322980933564
511,WetDep_NH4_mgm2,2006,2,1.4975166769049302,1.732765285714286,2006-02-01,1.1815110793902779,1.4214069753652272,0.23524860880935572,0.34042419677604907
512,WetDep_NH4_mgm2,2006,3,2.504276471490664,2.9495712716049383,2006-03-01,1.1815110793902779,1.4214069753652272,0.44529480011427447,1.3264627176245765
513,WetDep_NH4_mgm2,2006,4,4.266742706739623,4.1084898053691274,2006-04-01,1.1815110793902779,1.4214069753652272,0.15825290137049564,3.303832569486801
514,WetDep_NH4_mgm2,2006,5,3.648855539281719,4.3645880275862075,2006-05-01,1.1815110793902779,1.4214069753652272,0.7157324883044884,2.4527029427759715
515,WetDep_NH4_mgm2,2006,6,2.396312163198759,2.3792686403508774,2006-06-01,1.1815110793902779,1.4214069753652272,0.017043522847881576,1.4034245599514135
516,WetDep_NH4_mgm2,2006,7,2.176315025001632,2.2699530990990993,2006-07-01,1.1815110793902779,1.4214069753652272,0.09363807409746716,1.133289050810512
517,WetDep_NH4_mgm2,2006,8,2.4101490192301025,2.1284894814814814,2006-08-01,1.1815110793902779,1.4214069753652272,0.28165953774862107,1.5270129705880124
518,WetDep_NH4_mgm2,2006,9,3.022491368732398,2.8697285220125788,2006-09-01,1.1815110793902779,1.4214069753652272,0.1527628467198192,2.0730333978346636
519,WetDep_NH4_mgm2,2006,10,2.704053748060062,2.5752816482758623,2006-10-01,1.1815110793902779,1.4214069753652272,0.12877209978419968,1.7516756194361702
520,WetDep_NH4_mgm2,2006,11,2.4803747883763636,2.726644265822785,2006-11-01,1.1815110793902779,1.4214069753652272,0.24626947744642136,1.381087584442305
521,WetDep_NH4_mgm2,2006,12,1.5124590773662876,1.56852265,2006-12-01,1.1815110793902779,1.4214069753652272,0.05606357263371242,0.4753912495667161
522,WetDep_NH4_mgm2,2007,1,1.807500788180347,1.9423017116564416,2007-01-01,1.1815110793902779,1.4214069753652272,0.13480092347609451,0.7329221631763703
523,WetDep_NH4_mgm2,2007,2,1.554801507896052,1.5428430584415584,2007-02-01,1.1815110793902779,1.4214069753652272,0.011958449454493536,0.5624928108654423
524,WetDep_NH4_mgm2,2007,3,3.212396701052004,3.636565585714286,2007-03-01,1.1815110793902779,1.4214069753652272,0.424168884662282,2.080355448325224
525,WetDep_NH4_mgm2,2007,4,4.55443401194812,4.894967492957746,2007-04-01,1.1815110793902779,1.4214069753652272,0.34053348100962566,3.479664352289803
526,WetDep_NH4_mgm2,2007,5,3.1875720648762624,3.3372367866666663,2007-05-01,1.1815110793902779,1.4214069753652272,0.1496647217904039,2.1406194881989995
527,WetDep_NH4_mgm2,2007,6,1.8420288981646784,1.6431331349206348,2007-06-01,1.1815110793902779,1.4214069753652272,0.19889576324404357,0.9500053601204138
528,WetDep_NH4_mgm2,2007,7,1.781643780499908,1.9118400917431193,2007-07-01,1.1815110793902779,1.4214069753652272,0.1301963112432114,0.708567269545131
529,WetDep_NH4_mgm2,2007,8,2.7495942489731986,2.4232322093023253,2007-08-01,1.1815110793902779,1.4214069753652272,0.3263620396708733,1.8682888672037792
530,WetDep_NH4_mgm2,2007,9,1.6682690822631734,1.7554381946902655,2007-09-01,1.1815110793902779,1.4214069753652272,0.08716911242709213,0.6160178517189745
531,WetDep_NH4_mgm2,2007,10,2.6354984504495556,2.7699326121212122,2007-10-01,1.1815110793902779,1.4214069753652272,0.13443416167165667,1.584489442400727
532,WetDep_NH4_mgm2,2007,11,1.8644539137136185,2.192502539007092,2007-11-01,1.1815110793902779,1.4214069753652272,0.32804862529347356,0.6885050083099624
533,WetDep_NH4_mgm2,2007,12,2.1933636228785525,2.1476724942528738,2007-12-01,1.1815110793902779,1.4214069753652272,0.0456911286256787,1.2141951567606153
534,WetDep_NH4_mgm2,2008,1,1.9625123782417235,2.069209612121212,2008-01-01,1.1815110793902779,1.4214069753652272,0.10669723387948826,0.9081447038961066
535,WetDep_NH4_mgm2,2008,2,1.9541461042080384,2.0047310141843973,2008-02-01,1.1815110793902779,1.4214069753652272,0.050584909976358894,0.9282601636084946
536,WetDep_NH4_mgm2,2008,3,2.8807417513937312,3.59232252991453,2008-03-01,1.1815110793902779,1.4214069753652272,0.7115807785207986,1.6337287110278154
537,WetDep_NH4_mgm2,2008,4,6.25037074964713,7.069872835365854,2008-04-01,1.1815110793902779,1.4214069753652272,0.8195020857187236,5.119258193521562
538,WetDep_NH4_mgm2,2008,5,4.001063273240069,4.432007616541353,2008-05-01,1.1815110793902779,1.4214069753652272,0.4309443433012836,2.8933558180284686
539,WetDep_NH4_mgm2,2008,6,2.98619071292144,2.93673425,2008-06-01,1.1815110793902779,1.4214069753652272,0.04945646292143957,2.00275243575697
540,WetDep_NH4_mgm2,2008,7,2.2067474623270473,2.12600404587156,2008-07-01,1.1815110793902779,1.4214069753652272,0.08074341645548744,1.2433367947422491
541,WetDep_NH4_mgm2,2008,8,2.227116780580446,2.2937325784313725,2008-08-01,1.1815110793902779,1.4214069753652272,0.0666157978509263,1.1972055525605287
542,WetDep_NH4_mgm2,2008,9,2.453107557738801,2.39251109352518,2008-09-01,1.1815110793902779,1.4214069753652272,0.06059646421362119,1.477809476748613
543,WetDep_NH4_mgm2,2008,10,1.9937453985410165,2.058501538461538,2008-10-01,1.1815110793902779,1.4214069753652272,0.06475613992052165,0.9612657549677153
544,WetDep_NH4_mgm2,2008,11,1.9907225632133938,2.238634766423358,2008-11-01,1.1815110793902779,1.4214069753652272,0.2479122032099641,0.8661887844784062
545,WetDep_NH4_mgm2,2008,12,3.060252163199657,3.3098255923913045,2008-12-01,1.1815110793902779,1.4214069753652272,0.24957342919164738,1.978698939516709
546,WetDep_NH4_mgm2,2009,1,1.9169510602774864,1.96663673880597,2009-01-01,1.1815110793902779,1.4214069753652272,0.0496856785284836,0.8910319434267455
547,WetDep_NH4_mgm2,2009,2,1.2041993244436469,1.4749483518518518,2009-02-01,1.1815110793902779,1.4214069753652272,0.27074902740820495,0.02063806079014241
548,WetDep_NH4_mgm2,2009,3,3.4615380905800275,4.133074910569106,2009-03-01,1.1815110793902779,1.4214069753652272,0.6715368199890785,2.267538544015294
549,WetDep_NH4_mgm2,2009,4,6.419441991796967,6.862913550561798,2009-04-01,1.1815110793902779,1.4214069753652272,0.4434715587648306,5.350359420549884
550,WetDep_NH4_mgm2,2009,5,5.276300423626178,5.878243668918919,2009-05-01,1.1815110793902779,1.4214069753652272,0.6019432452927411,4.162216084797144
551,WetDep_NH4_mgm2,2009,6,4.731964084962141,4.600763557251908,2009-06-01,1.1815110793902779,1.4214069753652272,0.1312005277102326,3.7596905269542047
552,WetDep_NH4_mgm2,2009,7,3.3322135895223086,3.148794692307692,2009-07-01,1.1815110793902779,1.4214069753652272,0.18341889721461646,2.3872577492938647
553,WetDep_NH4_mgm2,2009,8,2.0007049000143695,1.9801646076923078,2009-08-01,1.1815110793902779,1.4214069753652272,0.02054029232206167,1.0109714277376305
554,WetDep_NH4_mgm2,2009,9,2.508475024953894,2.5251557727272727,2009-09-01,1.1815110793902779,1.4214069753652272,0.0166807477733788,1.5018252685850078
555,WetDep_NH4_mgm2,2009,10,3.6937652062698643,3.6945430470588234,2009-10-01,1.1815110793902779,1.4214069753652272,0.0007778407889591499,2.69355462418207
556,WetDep_NH4_mgm2,2009,11,2.262395813854789,2.2353741575342463,2009-11-01,1.1815110793902779,1.4214069753652272,0.027021656320542764,1.2743396373692526
557,WetDep_NH4_mgm2,2009,12,2.4269055102483676,2.499582155080214,2009-12-01,1.1815110793902779,1.4214069753652272,0.07267664483184655,1.396959290865311
558,WetDep_NH4_mgm2,2010,1,1.5899742171758096,1.459634109589041,2010-01-01,1.1815110793902779,1.4214069753652272,0.1303401075867685,0.6719504569026933
559,WetDep_NH4_mgm2,2010,2,1.5018521505516438,1.5707021056338026,2010-02-01,1.1815110793902779,1.4214069753652272,0.06884995508215885,0.45600878637170794
560,WetDep_NH4_mgm2,2010,3,4.454173121867023,4.643604603448276,2010-03-01,1.1815110793902779,1.4214069753652272,0.189431481581253,3.411644132445559
561,WetDep_NH4_mgm2,2010,4,4.49677244624543,4.624700242647059,2010-04-01,1.1815110793902779,1.4214069753652272,0.12792779640162877,3.4683236425910575
562,WetDep_NH4_mgm2,2010,5,4.778298100952296,5.25691125477707,2010-05-01,1.1815110793902779,1.4214069753652272,0.47861315382477443,3.6781341631415954
563,WetDep_NH4_mgm2,2010,6,4.377225879747321,4.587064222972972,2010-06-01,1.1815110793902779,1.4214069753652272,0.20983834322565098,3.3292872197397267
564,WetDep_NH4_mgm2,2010,7,2.1436778566353647,1.9964796475409836,2010-07-01,1.1815110793902779,1.4214069753652272,0.14719820909438108,1.2123440550750022
565,WetDep_NH4_mgm2,2010,8,2.1723568046012938,2.0332860188679245,2010-08-01,1.1815110793902779,1.4214069753652272,0.13907078573336928,1.2363751948762256
566,WetDep_NH4_mgm2,2010,9,3.2225267394235675,3.208774985185185,2010-09-01,1.1815110793902779,1.4214069753652272,0.013751754238382485,2.2267941219312584
567,WetDep_NH4_mgm2,2010,10,1.8984892054899924,2.106704049019608,2010-10-01,1.1815110793902779,1.4214069753652272,0.2082148435296156,0.7888152379333129
568,WetDep_NH4_mgm2,2010,11,2.0602373988887313,2.1346017398373984,2010-11-01,1.1815110793902779,1.4214069753652272,0.07436434094866717,1.0241423639239362
569,WetDep_NH4_mgm2,2010,12,1.874118714355367,1.9719912913907285,2010-12-01,1.1815110793902779,1.4214069753652272,0.09787257703536145,0.8218954606811588
570,WetDep_NH4_mgm2,2011,1,1.6578094687471214,1.6083301292517007,2011-01-01,1.1815110793902779,1.4214069753652272,0.049479339495420716,0.6876556847497447
571,WetDep_NH4_mgm2,2011,2,1.632652066633266,1.8350118888888889,2011-02-01,1.1815110793902779,1.4214069753652272,0.20235982225562288,0.5087065999957145
572,WetDep_NH4_mgm2,2011,3,4.488157956461523,5.342711214285714,2011-03-01,1.1815110793902779,1.4214069753652272,0.8545532578241914,3.297756177799988
573,WetDep_NH4_mgm2,2011,4,6.664523104737673,8.044302545454544,2011-04-01,1.1815110793902779,1.4214069753652272,1.379779440716871,5.457489620265841
574,WetDep_NH4_mgm2,2011,5,4.57915934746573,5.248514123893806,2011-05-01,1.1815110793902779,1.4214069753652272,0.6693547764280758,3.4329851863069747
575,WetDep_NH4_mgm2,2011,6,3.433724274537351,3.6632341157024793,2011-06-01,1.1815110793902779,1.4214069753652272,0.2295098411651284,2.3668843588029835
576,WetDep_NH4_mgm2,2011,7,1.4566513532213883,1.5648653333333333,2011-07-01,1.1815110793902779,1.4214069753652272,0.10821398011194505,0.3823617987081347
577,WetDep_NH4_mgm2,2011,8,2.5601504776066335,2.5922143603603605,2011-08-01,1.1815110793902779,1.4214069753652272,0.03206388275372696,1.5476262595834407
578,WetDep_NH4_mgm2,2011,9,3.6519196965044354,3.666846881118881,2011-09-01,1.1815110793902779,1.4214069753652272,0.014927184614445643,2.647832206675803
579,WetDep_NH4_mgm2,2011,10,2.430023234355894,2.8662688108108108,2011-10-01,1.1815110793902779,1.4214069753652272,0.4362455764549167,1.2505000222782332
580,WetDep_NH4_mgm2,2011,11,2.343954106931022,2.733245763888889,2011-11-01,1.1815110793902779,1.4214069753652272,0.38929165695786727,1.177870796764351
581,WetDep_NH4_mgm2,2011,12,1.6578425304828888,1.8399992066115702,2011-12-01,1.1815110793902779,1.4214069753652272,0.18215667612868147,0.5479667897057332
582,WetDep_NH4_mgm2,2012,1,2.4414588896801757,2.6039356509433964,2012-01-01,1.1815110793902779,1.4214069753652272,0.16247676126322075,1.3749098431449278
583,WetDep_NH4_mgm2,2012,2,1.8768328366830649,2.1641031696428574,2012-02-01,1.1815110793902779,1.4214069753652272,0.28727033295979254,0.7237716117593329
584,WetDep_NH4_mgm2,2012,3,3.208633190454358,3.7297971379310346,2012-03-01,1.1815110793902779,1.4214069753652272,0.5211639474766767,2.0462076601609196
585,WetDep_NH4_mgm2,2012,4,2.7287779417248035,3.112723194915254,2012-04-01,1.1815110793902779,1.4214069753652272,0.3839452531904506,1.5880756708218926
586,WetDep_NH4_mgm2,2012,5,4.386907569564741,4.869559436241611,2012-05-01,1.1815110793902779,1.4214069753652272,0.48265186667686955,3.2768865903160815
587,WetDep_NH4_mgm2,2012,6,2.2669036358679606,2.2802366055045873,2012-06-01,1.1815110793902779,1.4214069753652272,0.013332969636626668,1.2610220582721305
588,WetDep_NH4_mgm2,2012,7,1.9657443318405226,2.1344516470588237,2012-07-01,1.1815110793902779,1.4214069753652272,0.16870731521830118,0.8799207013278298
589,WetDep_NH4_mgm2,2012,8,2.8194036732603167,3.072533504347826,2012-08-01,1.1815110793902779,1.4214069753652272,0.2531298310875094,1.7296223363456231
590,WetDep_NH4_mgm2,2012,9,2.036310191030614,2.08910271,2012-09-01,1.1815110793902779,1.4214069753652272,0.052792518969386304,1.0103846128932934
591,WetDep_NH4_mgm2,2012,10,2.8081272150071253,3.3592651056338028,2012-10-01,1.1815110793902779,1.4214069753652272,0.5511378906266775,1.6118619291321479
592,WetDep_NH4_mgm2,2012,11,1.394082353607371,1.405223067961165,2012-11-01,1.1815110793902779,1.4214069753652272,0.011140714353794046,0.38609092159120206
593,WetDep_NH4_mgm2,2012,12,3.1377378893773384,3.5858758248175184,2012-12-01,1.1815110793902779,1.4214069753652272,0.44813793544018,1.9949159102192546
594,WetDep_NH4_mgm2,2013,1,1.9743126532390511,2.2548132432432433,2013-01-01,1.1815110793902779,1.4214069753652272,0.28050059000419214,0.8322375925621093
595,WetDep_NH4_mgm2,2013,2,1.694659400428713,1.8355073565217392,2013-02-01,1.1815110793902779,1.4214069753652272,0.14084795609302625,0.611546560139157
596,WetDep_NH4_mgm2,2013,3,2.856877072682579,3.2659066147540985,2013-03-01,1.1815110793902779,1.4214069753652272,0.40902954207151954,1.7137034142908145
597,WetDep_NH4_mgm2,2013,4,4.909286400673084,5.769566664285715,2013-04-01,1.1815110793902779,1.4214069753652272,0.8602802636126308,3.7340511030349823
598,WetDep_NH4_mgm2,2013,5,3.977092698042549,4.743871822695036,2013-05-01,1.1815110793902779,1.4214069753652272,0.7667791246524871,2.784293791185316
599,WetDep_NH4_mgm2,2013,6,3.1907860474079,3.8086427543859647,2013-06-01,1.1815110793902779,1.4214069753652272,0.6178567069780647,1.9971482735809793
600,WetDep_NH4_mgm2,2013,7,2.2397211796807874,2.508172776,2013-07-01,1.1815110793902779,1.4214069753652272,0.26845159631921245,1.1198617977386687
601,WetDep_NH4_mgm2,2013,8,3.168404503532975,2.8938115606060606,2013-08-01,1.1815110793902779,1.4214069753652272,0.2745929429269145,2.255070502972354
602,WetDep_NH4_mgm2,2013,9,2.825668418276581,2.8892696446280994,2013-09-01,1.1815110793902779,1.4214069753652272,0.06360122635151821,1.803160035502388
603,WetDep_NH4_mgm2,2013,10,2.7044729524251823,2.8348458802816903,2013-10-01,1.1815110793902779,1.4214069753652272,0.130372927856508,1.656266543949328
604,WetDep_NH4_mgm2,2013,11,2.2799431394751477,2.687055006849315,2013-11-01,1.1815110793902779,1.4214069753652272,0.40711186737416716,1.1013808497735345
605,WetDep_NH4_mgm2,2013,12,3.1402569427232407,3.7387770851063826,2013-12-01,1.1815110793902779,1.4214069753652272,0.5985201423831419,1.949661028662749
606,WetDep_NH4_mgm2,2014,1,1.763220597499494,2.022099945945946,2014-01-01,1.1815110793902779,1.4214069753652272,0.258879348446452,0.6163987257418813
607,WetDep_NH4_mgm2,2014,2,2.0951301562554407,2.5389975254237287,2014-02-01,1.1815110793902779,1.4214069753652272,0.44386736916828795,0.8832734523446928
608,WetDep_NH4_mgm2,2014,3,2.3163712109893697,2.760474611570248,2014-03-01,1.1815110793902779,1.4214069753652272,0.4441034005808784,1.124647449929849
609,WetDep_NH4_mgm2,2014,4,5.241901049237388,6.494648950704225,2014-04-01,1.1815110793902779,1.4214069753652272,1.2527479014668375,4.002913725802679
610,WetDep_NH4_mgm2,2014,5,4.172446960666176,4.844344821917809,2014-05-01,1.1815110793902779,1.4214069753652272,0.6718978612516331,3.0114148690456854
611,WetDep_NH4_mgm2,2014,6,3.392662535687436,3.7082220761904763,2014-06-01,1.1815110793902779,1.4214069753652272,0.31555954050304047,2.2996501782296375
612,WetDep_NH4_mgm2,2014,7,3.043887654596473,3.2947230620155037,2014-07-01,1.1815110793902779,1.4214069753652272,0.2508354074190309,1.9614813913297413
613,WetDep_NH4_mgm2,2014,8,2.5552523437729753,2.894150421875,2014-08-01,1.1815110793902779,1.4214069753652272,0.33889807810202477,1.42262431627976
614,WetDep_NH4_mgm2,2014,9,2.703098716820919,2.5080920070422534,2014-09-01,1.1815110793902779,1.4214069753652272,0.1950067097786654,1.775240628829227
615,WetDep_NH4_mgm2,2014,10,3.1159112312180426,3.5512045,2014-10-01,1.1815110793902779,1.4214069753652272,0.4352932687819573,1.976211080449692
616,WetDep_NH4_mgm2,2014,11,1.802968661043165,1.994661380952381,2014-11-01,1.1815110793902779,1.4214069753652272,0.191692719909216,0.6966480554491077
617,WetDep_NH4_mgm2,2014,12,3.362902861610358,3.513487928176796,2014-12-01,1.1815110793902779,1.4214069753652272,0.1505850665664381,2.3181245635853207
618,WetDep_NH4_mgm2,2015,1,1.3202077860405317,1.376917442477876,2015-01-01,1.1815110793902779,1.4214069753652272,0.05670965643734438,0.27725268682283666
619,WetDep_NH4_mgm2,2015,2,1.8097757487361048,2.078023393939394,2015-02-01,1.1815110793902779,1.4214069753652272,0.26824764520328914,0.66155426583104
620,WetDep_NH4_mgm2,2015,3,2.7561151031901936,3.0826972,2015-03-01,1.1815110793902779,1.4214069753652272,0.32658209680980654,1.6376214682793044
621,WetDep_NH4_mgm2,2015,4,5.32237606268402,6.184813260115607,2015-04-01,1.1815110793902779,1.4214069753652272,0.8624371974315874,4.16033617912933
622,WetDep_NH4_mgm2,2015,5,3.945542394130449,4.302331708029197,2015-05-01,1.1815110793902779,1.4214069753652272,0.3567893138987479,2.855113936327151
623,WetDep_NH4_mgm2,2015,6,3.26704353552617,3.713756270676692,2015-06-01,1.1815110793902779,1.4214069753652272,0.44671273515052157,2.130310513669277
624,WetDep_NH4_mgm2,2015,7,2.802515352964634,3.162246130081301,2015-07-01,1.1815110793902779,1.4214069753652272,0.3597307771166669,1.6741553863595888
625,WetDep_NH4_mgm2,2015,8,2.2589366217278717,2.3936475661764707,2015-08-01,1.1815110793902779,1.4214069753652272,0.134710944448599,1.1993019497530741
626,WetDep_NH4_mgm2,2015,9,1.8583446823411491,1.8438002066115704,2015-09-01,1.1815110793902779,1.4214069753652272,0.014544475729578732,0.8661712582545343
627,WetDep_NH4_mgm2,2015,10,2.0960184337202628,2.363857982142857,2015-10-01,1.1815110793902779,1.4214069753652272,0.2678395484225944,0.9682335134573237
628,WetDep_NH4_mgm2,2015,11,2.10421767273125,2.630224164285714,2015-11-01,1.1815110793902779,1.4214069753652272,0.526006491554464,0.8542404491906295
629,WetDep_NH4_mgm2,2015,12,3.44816004721923,3.6223157738095235,2015-12-01,1.1815110793902779,1.4214069753652272,0.17415572659029355,2.3976531901692675
630,WetDep_NH4_mgm2,2016,1,1.474500490493339,1.6367764451612903,2016-01-01,1.1815110793902779,1.4214069753652272,0.1622759546679513,0.36444562397128255
631,WetDep_NH4_mgm2,2016,2,1.85088636845267,2.2068587,2016-02-01,1.1815110793902779,1.4214069753652272,0.3559723315473302,0.6585610384839151
632,WetDep_NH4_mgm2,2016,3,3.6106607952390926,4.468463756944445,2016-03-01,1.1815110793902779,1.4214069753652272,0.8578029617053522,2.3730857334009867
633,WetDep_NH4_mgm2,2016,4,5.803576127819706,6.646353653333333,2016-04-01,1.1815110793902779,1.4214069753652272,0.8427775255136263,4.658359194854231
634,WetDep_NH4_mgm2,2016,5,5.51757991909847,6.6384834152046786,2016-05-01,1.1815110793902779,1.4214069753652272,1.1209034961062088,4.314428625860953
635,WetDep_NH4_mgm2,2016,6,3.0924524715954416,3.3490221384615384,2016-06-01,1.1815110793902779,1.4214069753652272,0.25656966686609683,2.0094860657338414
636,WetDep_NH4_mgm2,2016,7,1.9823225821504453,2.0674928189655173,2016-07-01,1.1815110793902779,1.4214069753652272,0.08517023681507196,0.9393577097416983
637,WetDep_NH4_mgm2,2016,8,1.9260487213431783,2.0949553504273504,2016-08-01,1.1815110793902779,1.4214069753652272,0.1689066290841721,0.8383527938142106
638,WetDep_NH4_mgm2,2016,9,3.1803030259475387,3.205583316666667,2016-09-01,1.1815110793902779,1.4214069753652272,0.025280290719128296,2.172354006463272
639,WetDep_NH4_mgm2,2016,10,2.5859009674887954,2.65764447706422,2016-10-01,1.1815110793902779,1.4214069753652272,0.07174350957542464,1.5581568618647135
640,WetDep_NH4_mgm2,2016,11,2.3578144767942137,2.7380910495867767,2016-11-01,1.1815110793902779,1.4214069753652272,0.380276572792563,1.1965309761052183
641,WetDep_NH4_mgm2,2016,12,2.8116308797661147,3.2264101842105264,2016-12-01,1.1815110793902779,1.4214069753652272,0.4147793044444117,1.6641082062070183
642,WetDep_NH4_mgm2,2017,1,2.8606742026051095,3.5417947602739726,2017-01-01,1.1815110793902779,1.4214069753652272,0.681120557668863,1.6225762895157434
643,WetDep_NH4_mgm2,2017,2,1.8395678543575338,1.9625132577319588,2017-02-01,1.1815110793902779,1.4214069753652272,0.12294540337442506,0.7727340036337378
644,WetDep_NH4_mgm2,2017,3,4.525603634374091,4.959033783439491,2017-03-01,1.1815110793902779,1.4214069753652272,0.43343014906539956,3.429830742162919
645,WetDep_NH4_mgm2,2017,4,5.293838524440702,6.337054433333334,2017-04-01,1.1815110793902779,1.4214069753652272,1.0432159088926323,4.096776240792213
646,WetDep_NH4_mgm2,2017,5,4.751075700461157,5.695057633986928,2017-05-01,1.1815110793902779,1.4214069753652272,0.9439819335257713,3.5523876573651174
647,WetDep_NH4_mgm2,2017,6,2.313294315183057,2.6021720918367346,2017-06-01,1.1815110793902779,1.4214069753652272,0.28887777665367764,1.1884170893334711
648,WetDep_NH4_mgm2,2017,7,2.93030882258038,3.4599561470588234,2017-07-01,1.1815110793902779,1.4214069753652272,0.5296473244784434,1.7495608685090938
649,WetDep_NH4_mgm2,2017,8,2.856019243640734,2.963599462686567,2017-08-01,1.1815110793902779,1.4214069753652272,0.10758021904583304,1.8183513535222158
650,WetDep_NH4_mgm2,2017,9,2.846323139151271,2.7563967419354842,2017-09-01,1.1815110793902779,1.4214069753652272,0.08992639721578666,1.8779170210892864
651,WetDep_NH4_mgm2,2017,10,3.254567374689507,3.702757366666667,2017-10-01,1.1815110793902779,1.4214069753652272,0.4481899919771597,2.1168562934985955
652,WetDep_NH4_mgm2,2017,11,3.485292851280967,4.074842876923077,2017-11-01,1.1815110793902779,1.4214069753652272,0.5895500256421098,2.3161391959646194
653,WetDep_NH4_mgm2,2017,12,2.4094159339871806,2.774412065934066,2017-12-01,1.1815110793902779,1.4214069753652272,0.3649961319468855,1.257928543703811
654,WetDep_NH4_mgm2,2018,1,1.5499276656553294,1.8477247941176471,2018-01-01,1.1815110793902779,1.4214069753652272,0.29779712846231776,0.35779151952337074
655,WetDep_NH4_mgm2,2018,2,3.7291518368948045,4.2739700756302526,2018-02-01,1.1815110793902779,1.4214069753652272,0.5448182387354481,2.583054744964885
656,WetDep_NH4_mgm2,2018,3,3.6311263909019287,4.293919684931507,2018-03-01,1.1815110793902779,1.4214069753652272,0.6627932940295782,2.4485953460751064
657,WetDep_NH4_mgm2,2018,4,6.671259245049195,7.163449869565217,2018-04-01,1.1815110793902779,1.4214069753652272,0.4921906245160219,5.597481475899948
658,WetDep_NH4_mgm2,2018,5,4.214334878370068,4.876407076923076,2018-05-01,1.1815110793902779,1.4214069753652272,0.662072198553008,3.057234833484914
659,WetDep_NH4_mgm2,2018,6,2.8450516810979876,3.0885193392857144,2018-06-01,1.1815110793902779,1.4214069753652272,0.24346765818772687,1.759475851384495
660,WetDep_NH4_mgm2,2018,7,2.0876015922475157,2.443235135416667,2018-07-01,1.1815110793902779,1.4214069753652272,0.3556335431691511,0.9172465089357258
661,WetDep_NH4_mgm2,2018,8,2.7702675532050467,3.097810061946903,2018-08-01,1.1815110793902779,1.4214069753652272,0.3275425087418564,1.6520325804267286
662,WetDep_NH4_mgm2,2018,9,3.8410877530416645,4.2698818833333325,2018-09-01,1.1815110793902779,1.4214069753652272,0.428794130291668,2.7294542372616313
663,WetDep_NH4_mgm2,2018,10,3.9399115167621868,4.466935421686747,2018-10-01,1.1815110793902779,1.4214069753652272,0.5270239049245604,2.806146100284593
664,WetDep_NH4_mgm2,2018,11,2.6568836975726757,3.3705231438848924,2018-11-01,1.1815110793902779,1.4214069753652272,0.7136394463122167,1.3882835149737172
665,WetDep_NH4_mgm2,2018,12,1.9317276687530962,2.258345035714286,2018-12-01,1.1815110793902779,1.4214069753652272,0.3266173669611898,0.7626472273200566
666,WetDep_NH4_mgm2,2019,1,3.057977962893488,3.5080611217391304,2019-01-01,1.1815110793902779,1.4214069753652272,0.4500831588456422,1.910794705097945
667,WetDep_NH4_mgm2,2019,2,2.6893038937215903,3.139935352941176,2019-02-01,1.1815110793902779,1.4214069753652272,0.4506314592195859,1.5217395436042147
668,WetDep_NH4_mgm2,2019,3,3.793988066989667,4.161154671140939,2019-03-01,1.1815110793902779,1.4214069753652272,0.3671666041512722,2.6972121684711983
669,WetDep_NH4_mgm2,2019,4,5.6736130736564165,6.890542787096774,2019-04-01,1.1815110793902779,1.4214069753652272,1.2169297134403578,4.459123700193363
670,WetDep_NH4_mgm2,2019,5,5.521756885064949,6.62758758,2019-05-01,1.1815110793902779,1.4214069753652272,1.105830694935051,4.321488977956243
671,WetDep_NH4_mgm2,2019,6,3.6819100335848463,4.308245394957983,2019-06-01,1.1815110793902779,1.4214069753652272,0.6263353613731368,2.5117985002611185
672,WetDep_NH4_mgm2,2019,7,1.9889827586396867,2.178811775862069,2019-07-01,1.1815110793902779,1.4214069753652272,0.1898290172223822,0.8935425058784154
673,WetDep_NH4_mgm2,2019,8,2.5421334619466456,2.7902279375000005,2019-08-01,1.1815110793902779,1.4214069753652272,0.24809447555335495,1.444540444401699
674,WetDep_NH4_mgm2,2019,9,3.8537468041861676,2.96071981372549,2019-09-01,1.1815110793902779,1.4214069753652272,0.8930269904606774,3.085476348402881
675,WetDep_NH4_mgm2,2019,10,4.606651077458009,4.74365097972973,2019-10-01,1.1815110793902779,1.4214069753652272,0.13699990227172076,3.5769114900726935
676,WetDep_NH4_mgm2,2019,11,2.8829551991265308,3.5644337155963304,2019-11-01,1.1815110793902779,1.4214069753652272,0.6814785164697996,1.646573268295184
677,WetDep_NH4_mgm2,2019,12,2.274317685544152,2.6624470451612905,2019-12-01,1.1815110793902779,1.4214069753652272,0.38812935961713846,1.1036601902944174
678,WetDep_NH4_mgm2,2020,1,2.2259746359506587,2.4194207956204377,2020-01-01,1.1815110793902779,1.4214069753652272,0.19344615966977896,1.139070609037898
679,WetDep_NH4_mgm2,2020,2,2.574742430828171,2.954160528,2020-02-01,1.1815110793902779,1.4214069753652272,0.37941809717182906,1.4273808568590853
680,WetDep_NH4_mgm2,2020,3,4.8737311601420625,5.721106813333333,2020-03-01,1.1815110793902779,1.4214069753652272,0.8473756531912704,3.699865260413902
681,WetDep_NH4_mgm2,2020,4,5.929014966450265,7.094827493055556,2020-04-01,1.1815110793902779,1.4214069753652272,1.1658125266052908,4.732386600152976
682,WetDep_NH4_mgm2,2020,5,5.110004227448366,6.031943324561404,2020-05-01,1.1815110793902779,1.4214069753652272,0.9219390971130377,3.9295857667040783
683,WetDep_NH4_mgm2,2020,6,2.799794379161168,3.1471714380952385,2020-06-01,1.1815110793902779,1.4214069753652272,0.34737705893407034,1.6757220324489976
684,WetDep_NH4_mgm2,2020,7,2.1849321860111655,2.3455985794392524,2020-07-01,1.1815110793902779,1.4214069753652272,0.16066639342808697,1.1113983736316604
685,WetDep_NH4_mgm2,2020,8,2.147880912085979,2.40499991954023,2020-08-01,1.1815110793902779,1.4214069753652272,0.25711900745425087,1.0281726889682727
686,WetDep_NH4_mgm2,2020,9,3.888615085464431,3.957573797297297,2020-09-01,1.1815110793902779,1.4214069753652272,0.06895871183286628,2.8708815967242796
687,WetDep_NH4_mgm2,2020,10,4.321823655553648,4.743117916666667,2020-10-01,1.1815110793902779,1.4214069753652272,0.4212942611130188,3.2243429865838147
688,WetDep_NH4_mgm2,2020,11,2.2128860007285995,2.717794087912088,2020-11-01,1.1815110793902779,1.4214069753652272,0.5049080871834883,0.9847187625530922
689,WetDep_NH4_mgm2,2020,12,2.092729483977453,2.551074547445255,2020-12-01,1.1815110793902779,1.4214069753652272,0.4583450634678021,0.8737116572697847
690,WetDep_NH4_mgm2,2021,1,2.0460339879065272,2.283487642857143,2021-01-01,1.1815110793902779,1.4214069753652272,0.23745365495061588,0.9299784109443991
691,WetDep_NH4_mgm2,2021,2,3.302888404379591,3.834445956140351,2021-02-01,1.1815110793902779,1.4214069753652272,0.53155755176076,2.1419512225311452
692,WetDep_NH4_mgm2,2021,3,4.107365540615679,4.746059195488722,2021-03-01,1.1815110793902779,1.4214069753652272,0.6386936548730429,2.9518659512664183
693,WetDep_NH4_mgm2,2021,4,4.422792339871583,4.969361515384615,2021-04-01,1.1815110793902779,1.4214069753652272,0.5465691755130324,3.2992122272387334
694,WetDep_NH4_mgm2,2021,5,4.09405964746316,4.983454073770492,2021-05-01,1.1815110793902779,1.4214069753652272,0.8893944263073319,2.8768194255581285
695,WetDep_NH4_mgm2,2021,6,3.1590362984199936,3.6972916000000002,2021-06-01,1.1815110793902779,1.4214069753652272,0.5382553015800067,1.9886503798253836
696,WetDep_NH4_mgm2,2021,7,2.326028374734194,2.614360722772277,2021-07-01,1.1815110793902779,1.4214069753652272,0.2883323480380833,1.202069290154655
697,WetDep_NH4_mgm2,2021,8,2.467655395631567,2.7895133800000003,2021-08-01,1.1815110793902779,1.4214069753652272,0.32185798436843305,1.3372247103186137
698,WetDep_NH4_mgm2,2021,9,2.801097336479221,2.849991962406015,2021-09-01,1.1815110793902779,1.4214069753652272,0.048894625926794166,1.783641810999963
699,WetDep_NH4_mgm2,2021,10,2.891522033987111,3.169076328125,2021-10-01,1.1815110793902779,1.4214069753652272,0.277554294137889,1.795533038961135
700,WetDep_NH4_mgm2,2021,11,2.2623176833075025,2.471990191304348,2021-11-01,1.1815110793902779,1.4214069753652272,0.20967250799684534,1.16963728322757
701,WetDep_NH4_mgm2,2021,12,2.308876835813456,2.5722870542635663,2021-12-01,1.1815110793902779,1.4214069753652272,0.26341021845011037,1.1947909675833706
702,WetDep_NH4_mgm2,2022,1,1.8647793649413793,2.116382977443609,2022-01-01,1.1815110793902779,1.4214069753652272,0.2516036125022296,0.7298552998039796
703,WetDep_NH4_mgm2,2022,2,1.4612840187883074,1.8172057249999998,2022-02-01,1.1815110793902779,1.4214069753652272,0.3559217062116924,0.21771623755244485
704,WetDep_NH4_mgm2,2022,3,3.1266750380851045,3.682950909722222,2022-03-01,1.1815110793902779,1.4214069753652272,0.5562758716371174,1.9487621226521652
705,WetDep_NH4_mgm2,2022,4,6.915861383926839,9.0132774453125,2022-04-01,1.1815110793902779,1.4214069753652272,2.097416061385661,5.612585198221286
706,WetDep_NH4_mgm2,2022,5,4.218423675986176,5.065718915254237,2022-05-01,1.1815110793902779,1.4214069753652272,0.8472952392680613,3.017567786595222
707,WetDep_NH4_mgm2,2022,6,3.55030298814662,3.7114734603174604,2022-06-01,1.1815110793902779,1.4214069753652272,0.16117047217084046,2.504906729655742
708,WetDep_NH4_mgm2,2022,7,2.3936767401523817,2.4721555125,2022-07-01,1.1815110793902779,1.4214069753652272,0.07847877234761835,1.3608908710201018
709,WetDep_NH4_mgm2,2022,8,3.064364687301175,3.0085771694915255,2022-08-01,1.1815110793902779,1.4214069753652272,0.05578751780964941,2.082569934881802
710,WetDep_NH4_mgm2,2022,9,1.9366107495240363,1.901132145631068,2022-09-01,1.1815110793902779,1.4214069753652272,0.03547860389296842,0.9549306952858204
711,WetDep_NH4_mgm2,2022,10,1.6558100812720582,1.6966903033707865,2022-10-01,1.1815110793902779,1.4214069753652272,0.040880222098728325,0.6311211253579099
712,WetDep_NH4_mgm2,2022,11,2.0685851985446275,2.1383457878787877,2022-11-01,1.1815110793902779,1.4214069753652272,0.06976058933416018,1.034861381230629
713,WetDep_NH4_mgm2,2022,12,2.3996815898223045,2.542003643410853,2022-12-01,1.1815110793902779,1.4214069753652272,0.14232205358854833,1.3403728656181542
