,Variable,Year,Month,Modelled,Observed,Yr-Mon,Mod_SE,Obs_SE,Difference_abs
968,WetDep_SO4_mgm2,2002,1,13.759903685168206,13.46744953488372,2002-01-01,9.638982331229911,9.501662469950427,0.2924541502844864
969,WetDep_SO4_mgm2,2002,2,20.016007554798804,22.281457458563537,2002-02-01,9.638982331229911,9.501662469950427,2.2654499037647327
970,WetDep_SO4_mgm2,2002,3,38.508434558555614,38.106730105820105,2002-03-01,9.638982331229911,9.501662469950427,0.40170445273550826
971,WetDep_SO4_mgm2,2002,4,30.701682541590017,33.83408156976744,2002-04-01,9.638982331229911,9.501662469950427,3.1323990281774243
972,WetDep_SO4_mgm2,2002,5,37.963617378402546,42.70347038888889,2002-05-01,9.638982331229911,9.501662469950427,4.7398530104863426
973,WetDep_SO4_mgm2,2002,6,30.094962914436607,30.85901918604651,2002-06-01,9.638982331229911,9.501662469950427,0.7640562716099026
974,WetDep_SO4_mgm2,2002,7,36.463079502188656,35.25723184971098,2002-07-01,9.638982331229911,9.501662469950427,1.2058476524776722
975,WetDep_SO4_mgm2,2002,8,28.933016562870026,24.98189067901235,2002-08-01,9.638982331229911,9.501662469950427,3.951125883857678
976,WetDep_SO4_mgm2,2002,9,24.60950394760476,21.68759790960452,2002-09-01,9.638982331229911,9.501662469950427,2.921906038000241
977,WetDep_SO4_mgm2,2002,10,34.34850241676806,32.914052266009854,2002-10-01,9.638982331229911,9.501662469950427,1.4344501507582095
978,WetDep_SO4_mgm2,2002,11,15.842007462056868,17.185847904191615,2002-11-01,9.638982331229911,9.501662469950427,1.3438404421347467
979,WetDep_SO4_mgm2,2002,12,13.204905232220142,14.87365238095238,2002-12-01,9.638982331229911,9.501662469950427,1.6687471487322387
980,WetDep_SO4_mgm2,2003,1,11.042232116656097,8.261048444444445,2003-01-01,9.638982331229911,9.501662469950427,2.781183672211652
981,WetDep_SO4_mgm2,2003,2,21.14170488253357,21.883261282051283,2003-02-01,9.638982331229911,9.501662469950427,0.7415563995177124
982,WetDep_SO4_mgm2,2003,3,31.68525113800264,30.83274,2003-03-01,9.638982331229911,9.501662469950427,0.8525111380026402
983,WetDep_SO4_mgm2,2003,4,42.68286514540289,44.365976238095236,2003-04-01,9.638982331229911,9.501662469950427,1.683111092692343
984,WetDep_SO4_mgm2,2003,5,46.7451390868385,52.673704761904766,2003-05-01,9.638982331229911,9.501662469950427,5.928565675066267
985,WetDep_SO4_mgm2,2003,6,42.761520145389554,46.74260402116402,2003-06-01,9.638982331229911,9.501662469950427,3.981083875774466
986,WetDep_SO4_mgm2,2003,7,35.8520830451313,35.14972104972376,2003-07-01,9.638982331229911,9.501662469950427,0.7023619954075428
987,WetDep_SO4_mgm2,2003,8,33.02245544707975,31.730205714285713,2003-08-01,9.638982331229911,9.501662469950427,1.292249732794037
988,WetDep_SO4_mgm2,2003,9,29.22411014819379,29.133521794871797,2003-09-01,9.638982331229911,9.501662469950427,0.09058835332199422
989,WetDep_SO4_mgm2,2003,10,28.437819219838726,26.473994835164834,2003-10-01,9.638982331229911,9.501662469950427,1.9638243846738916
990,WetDep_SO4_mgm2,2003,11,24.73602712827147,24.307509453551912,2003-11-01,9.638982331229911,9.501662469950427,0.4285176747195578
991,WetDep_SO4_mgm2,2003,12,17.093757534810536,17.791742146596857,2003-12-01,9.638982331229911,9.501662469950427,0.6979846117863211
992,WetDep_SO4_mgm2,2004,1,14.475295575270728,12.996632435233161,2004-01-01,9.638982331229911,9.501662469950427,1.4786631400375665
993,WetDep_SO4_mgm2,2004,2,18.961581234214194,15.943546476190477,2004-02-01,9.638982331229911,9.501662469950427,3.018034758023717
994,WetDep_SO4_mgm2,2004,3,27.957407989111545,30.247926303317538,2004-03-01,9.638982331229911,9.501662469950427,2.2905183142059933
995,WetDep_SO4_mgm2,2004,4,33.097823921482444,35.047477738693466,2004-04-01,9.638982331229911,9.501662469950427,1.949653817211022
996,WetDep_SO4_mgm2,2004,5,33.590671601600285,34.088871445783134,2004-05-01,9.638982331229911,9.501662469950427,0.49819984418284946
997,WetDep_SO4_mgm2,2004,6,40.27029568418091,42.51273030769231,2004-06-01,9.638982331229911,9.501662469950427,2.2424346235114
998,WetDep_SO4_mgm2,2004,7,34.03984531444484,32.10646401098901,2004-07-01,9.638982331229911,9.501662469950427,1.9333813034558318
999,WetDep_SO4_mgm2,2004,8,40.15466651030518,39.02913366834171,2004-08-01,9.638982331229911,9.501662469950427,1.1255328419634694
1000,WetDep_SO4_mgm2,2004,9,23.373142038326,21.55494269005848,2004-09-01,9.638982331229911,9.501662469950427,1.8181993482675232
1001,WetDep_SO4_mgm2,2004,10,26.893532626188083,26.170334039408864,2004-10-01,9.638982331229911,9.501662469950427,0.723198586779219
1002,WetDep_SO4_mgm2,2004,11,20.545389273191383,20.691580351758795,2004-11-01,9.638982331229911,9.501662469950427,0.1461910785674121
1003,WetDep_SO4_mgm2,2004,12,14.773579862606109,16.532709279792748,2004-12-01,9.638982331229911,9.501662469950427,1.7591294171866387
1004,WetDep_SO4_mgm2,2005,1,17.599476210531886,16.850614492610838,2005-01-01,9.638982331229911,9.501662469950427,0.7488617179210486
1005,WetDep_SO4_mgm2,2005,2,17.249807572763935,17.29813135046729,2005-02-01,9.638982331229911,9.501662469950427,0.04832377770335583
1006,WetDep_SO4_mgm2,2005,3,33.60384619117462,32.42549542672414,2005-03-01,9.638982331229911,9.501662469950427,1.178350764450478
1007,WetDep_SO4_mgm2,2005,4,28.57388739695739,32.96128696938776,2005-04-01,9.638982331229911,9.501662469950427,4.387399572430368
1008,WetDep_SO4_mgm2,2005,5,32.46533729102357,35.38568808823529,2005-05-01,9.638982331229911,9.501662469950427,2.920350797211718
1009,WetDep_SO4_mgm2,2005,6,28.367045322829917,27.741999055555553,2005-06-01,9.638982331229911,9.501662469950427,0.6250462672743637
1010,WetDep_SO4_mgm2,2005,7,31.37802804630973,30.48142415822785,2005-07-01,9.638982331229911,9.501662469950427,0.8966038880818807
1011,WetDep_SO4_mgm2,2005,8,39.193784736055534,32.74785128125,2005-08-01,9.638982331229911,9.501662469950427,6.445933454805534
1012,WetDep_SO4_mgm2,2005,9,25.15940989948508,22.112378385620914,2005-09-01,9.638982331229911,9.501662469950427,3.047031513864166
1013,WetDep_SO4_mgm2,2005,10,22.717590352280435,21.985731324175823,2005-10-01,9.638982331229911,9.501662469950427,0.731859028104612
1014,WetDep_SO4_mgm2,2005,11,16.67320007124676,18.437651355932204,2005-11-01,9.638982331229911,9.501662469950427,1.7644512846854425
1015,WetDep_SO4_mgm2,2005,12,13.394807928661129,12.97883323756906,2005-12-01,9.638982331229911,9.501662469950427,0.4159746910920692
1016,WetDep_SO4_mgm2,2006,1,16.247222175561355,18.629841260869565,2006-01-01,9.638982331229911,9.501662469950427,2.3826190853082103
1017,WetDep_SO4_mgm2,2006,2,16.034153658453977,15.103430361702127,2006-02-01,9.638982331229911,9.501662469950427,0.9307232967518502
1018,WetDep_SO4_mgm2,2006,3,27.81793699629906,27.087778957943925,2006-03-01,9.638982331229911,9.501662469950427,0.7301580383551354
1019,WetDep_SO4_mgm2,2006,4,31.39679001446864,32.07831507936508,2006-04-01,9.638982331229911,9.501662469950427,0.6815250648964444
1020,WetDep_SO4_mgm2,2006,5,35.46388423570369,37.821507070652174,2006-05-01,9.638982331229911,9.501662469950427,2.3576228349484865
1021,WetDep_SO4_mgm2,2006,6,36.98757878529668,38.6460537816092,2006-06-01,9.638982331229911,9.501662469950427,1.6584749963125205
1022,WetDep_SO4_mgm2,2006,7,34.01424459560113,32.53988685964912,2006-07-01,9.638982331229911,9.501662469950427,1.4743577359520046
1023,WetDep_SO4_mgm2,2006,8,50.7569570189961,47.41873479781421,2006-08-01,9.638982331229911,9.501662469950427,3.338222221181887
1024,WetDep_SO4_mgm2,2006,9,36.86690379434423,34.10529814141414,2006-09-01,9.638982331229911,9.501662469950427,2.7616056529300934
1025,WetDep_SO4_mgm2,2006,10,28.58530625480748,29.25036798019802,2006-10-01,9.638982331229911,9.501662469950427,0.6650617253905402
1026,WetDep_SO4_mgm2,2006,11,21.799814313337954,24.914053830508475,2006-11-01,9.638982331229911,9.501662469950427,3.114239517170521
1027,WetDep_SO4_mgm2,2006,12,15.35382776288131,17.060587028735632,2006-12-01,9.638982331229911,9.501662469950427,1.7067592658543234
1028,WetDep_SO4_mgm2,2007,1,19.08689610956315,19.355411778846154,2007-01-01,9.638982331229911,9.501662469950427,0.26851566928300485
1029,WetDep_SO4_mgm2,2007,2,15.758193737034995,12.217449174757283,2007-02-01,9.638982331229911,9.501662469950427,3.5407445622777125
1030,WetDep_SO4_mgm2,2007,3,23.684325864832548,23.36816289473684,2007-03-01,9.638982331229911,9.501662469950427,0.31616297009570715
1031,WetDep_SO4_mgm2,2007,4,30.93676427067105,32.58677622222222,2007-04-01,9.638982331229911,9.501662469950427,1.6500119515511713
1032,WetDep_SO4_mgm2,2007,5,28.572208266311137,25.682207086021506,2007-05-01,9.638982331229911,9.501662469950427,2.89000118028963
1033,WetDep_SO4_mgm2,2007,6,20.959034521934043,20.257443930635837,2007-06-01,9.638982331229911,9.501662469950427,0.7015905912982063
1034,WetDep_SO4_mgm2,2007,7,39.711426128989736,37.1307527688172,2007-07-01,9.638982331229911,9.501662469950427,2.5806733601725327
1035,WetDep_SO4_mgm2,2007,8,45.079715817364495,37.671643682291666,2007-08-01,9.638982331229911,9.501662469950427,7.408072135072828
1036,WetDep_SO4_mgm2,2007,9,20.12476948123207,19.274363151351352,2007-09-01,9.638982331229911,9.501662469950427,0.8504063298807196
1037,WetDep_SO4_mgm2,2007,10,25.55937943680626,24.789916958139532,2007-10-01,9.638982331229911,9.501662469950427,0.7694624786667283
1038,WetDep_SO4_mgm2,2007,11,20.76923663906222,23.19280244270833,2007-11-01,9.638982331229911,9.501662469950427,2.4235658036461096
1039,WetDep_SO4_mgm2,2007,12,15.120500374769597,15.19795398067633,2007-12-01,9.638982331229911,9.501662469950427,0.077453605906733
1040,WetDep_SO4_mgm2,2008,1,20.55926775134438,18.22507587628866,2008-01-01,9.638982331229911,9.501662469950427,2.334191875055719
1041,WetDep_SO4_mgm2,2008,2,19.296646847300845,19.106362584615383,2008-02-01,9.638982331229911,9.501662469950427,0.19028426268546283
1042,WetDep_SO4_mgm2,2008,3,27.207314530590914,29.07083446842105,2008-03-01,9.638982331229911,9.501662469950427,1.8635199378301373
1043,WetDep_SO4_mgm2,2008,4,40.27026096480624,44.59699532019704,2008-04-01,9.638982331229911,9.501662469950427,4.326734355390798
1044,WetDep_SO4_mgm2,2008,5,30.390563714615286,31.337122052356023,2008-05-01,9.638982331229911,9.501662469950427,0.9465583377407363
1045,WetDep_SO4_mgm2,2008,6,27.121115754422455,29.510451533333335,2008-06-01,9.638982331229911,9.501662469950427,2.38933577891088
1046,WetDep_SO4_mgm2,2008,7,43.091288928592505,41.607630126506024,2008-07-01,9.638982331229911,9.501662469950427,1.483658802086481
1047,WetDep_SO4_mgm2,2008,8,32.644009117762884,25.419244851612905,2008-08-01,9.638982331229911,9.501662469950427,7.224764266149979
1048,WetDep_SO4_mgm2,2008,9,31.950978460997018,25.14562203409091,2008-09-01,9.638982331229911,9.501662469950427,6.805356426906108
1049,WetDep_SO4_mgm2,2008,10,27.161167561397047,23.19423178846154,2008-10-01,9.638982331229911,9.501662469950427,3.966935772935507
1050,WetDep_SO4_mgm2,2008,11,17.395779740164688,18.75104852747253,2008-11-01,9.638982331229911,9.501662469950427,1.3552687873078426
1051,WetDep_SO4_mgm2,2008,12,22.43458011662429,22.45873974528302,2008-12-01,9.638982331229911,9.501662469950427,0.02415962865872956
1052,WetDep_SO4_mgm2,2009,1,16.295316275950988,12.440067912568306,2009-01-01,9.638982331229911,9.501662469950427,3.8552483633826817
1053,WetDep_SO4_mgm2,2009,2,16.217982687569098,13.913524437810944,2009-02-01,9.638982331229911,9.501662469950427,2.304458249758154
1054,WetDep_SO4_mgm2,2009,3,30.34451336613883,28.701647854651164,2009-03-01,9.638982331229911,9.501662469950427,1.642865511487667
1055,WetDep_SO4_mgm2,2009,4,50.96534735115188,49.508149323671496,2009-04-01,9.638982331229911,9.501662469950427,1.4571980274803806
1056,WetDep_SO4_mgm2,2009,5,36.65279767145942,33.822798665024635,2009-05-01,9.638982331229911,9.501662469950427,2.8299990064347824
1057,WetDep_SO4_mgm2,2009,6,43.37288068325816,36.365456134715025,2009-06-01,9.638982331229911,9.501662469950427,7.007424548543135
1058,WetDep_SO4_mgm2,2009,7,40.572711190182495,32.71942156284153,2009-07-01,9.638982331229911,9.501662469950427,7.853289627340963
1059,WetDep_SO4_mgm2,2009,8,29.389040903225993,25.664091847826086,2009-08-01,9.638982331229911,9.501662469950427,3.7249490553999074
1060,WetDep_SO4_mgm2,2009,9,42.29116594408237,32.864868304568525,2009-09-01,9.638982331229911,9.501662469950427,9.426297639513848
1061,WetDep_SO4_mgm2,2009,10,30.565575366122605,27.998699984924624,2009-10-01,9.638982331229911,9.501662469950427,2.566875381197981
1062,WetDep_SO4_mgm2,2009,11,19.900745102462473,16.853796777777777,2009-11-01,9.638982331229911,9.501662469950427,3.0469483246846956
1063,WetDep_SO4_mgm2,2009,12,20.120366451940356,17.768635009615387,2009-12-01,9.638982331229911,9.501662469950427,2.3517314423249687
1064,WetDep_SO4_mgm2,2010,1,14.590003558803454,13.753137079787233,2010-01-01,9.638982331229911,9.501662469950427,0.836866479016221
1065,WetDep_SO4_mgm2,2010,2,17.475030998923792,14.105504255813953,2010-02-01,9.638982331229911,9.501662469950427,3.369526743109839
1066,WetDep_SO4_mgm2,2010,3,34.89805701823791,29.857246456221198,2010-03-01,9.638982331229911,9.501662469950427,5.040810562016709
1067,WetDep_SO4_mgm2,2010,4,31.683659797000754,23.24179165945946,2010-04-01,9.638982331229911,9.501662469950427,8.441868137541295
1068,WetDep_SO4_mgm2,2010,5,35.75706702243972,32.00870592021276,2010-05-01,9.638982331229911,9.501662469950427,3.7483611022269585
1069,WetDep_SO4_mgm2,2010,6,47.29737134891114,41.03183125268817,2010-06-01,9.638982331229911,9.501662469950427,6.265540096222971
1070,WetDep_SO4_mgm2,2010,7,29.715037299431863,25.644754867403314,2010-07-01,9.638982331229911,9.501662469950427,4.070282432028549
1071,WetDep_SO4_mgm2,2010,8,33.41183056108344,24.770520888268155,2010-08-01,9.638982331229911,9.501662469950427,8.641309672815286
1072,WetDep_SO4_mgm2,2010,9,26.971035380622645,21.43560267403315,2010-09-01,9.638982331229911,9.501662469950427,5.535432706589496
1073,WetDep_SO4_mgm2,2010,10,19.365533402736958,14.884338505813952,2010-10-01,9.638982331229911,9.501662469950427,4.4811948969230055
1074,WetDep_SO4_mgm2,2010,11,18.628171750760494,14.75253572159091,2010-11-01,9.638982331229911,9.501662469950427,3.875636029169584
1075,WetDep_SO4_mgm2,2010,12,15.571684487354839,15.052913211956522,2010-12-01,9.638982331229911,9.501662469950427,0.5187712753983167
1076,WetDep_SO4_mgm2,2011,1,17.221317717952676,11.851378989304813,2011-01-01,9.638982331229911,9.501662469950427,5.369938728647863
1077,WetDep_SO4_mgm2,2011,2,18.877397443854818,15.537514074468085,2011-02-01,9.638982331229911,9.501662469950427,3.339883369386733
1078,WetDep_SO4_mgm2,2011,3,41.606699245136795,39.94452796969697,2011-03-01,9.638982331229911,9.501662469950427,1.6621712754398246
1079,WetDep_SO4_mgm2,2011,4,42.18507382545652,41.63628273655914,2011-04-01,9.638982331229911,9.501662469950427,0.5487910888973815
1080,WetDep_SO4_mgm2,2011,5,42.488496557240225,36.20753491620112,2011-05-01,9.638982331229911,9.501662469950427,6.280961641039106
1081,WetDep_SO4_mgm2,2011,6,38.03269863838005,33.917435057471266,2011-06-01,9.638982331229911,9.501662469950427,4.115263580908781
1082,WetDep_SO4_mgm2,2011,7,28.456513693507997,23.081403123456788,2011-07-01,9.638982331229911,9.501662469950427,5.375110570051209
1083,WetDep_SO4_mgm2,2011,8,43.718523622151,28.84236382738095,2011-08-01,9.638982331229911,9.501662469950427,14.876159794770047
1084,WetDep_SO4_mgm2,2011,9,42.6074457282443,30.55708514054054,2011-09-01,9.638982331229911,9.501662469950427,12.05036058770376
1085,WetDep_SO4_mgm2,2011,10,23.896393386155236,19.241858818181818,2011-10-01,9.638982331229911,9.501662469950427,4.654534567973418
1086,WetDep_SO4_mgm2,2011,11,24.173815256268778,22.207086621004564,2011-11-01,9.638982331229911,9.501662469950427,1.9667286352642144
1087,WetDep_SO4_mgm2,2011,12,16.530081664972325,16.72179544845361,2011-12-01,9.638982331229911,9.501662469950427,0.19171378348128343
1088,WetDep_SO4_mgm2,2012,1,15.620654088430586,15.173885146067416,2012-01-01,9.638982331229911,9.501662469950427,0.44676894236316933
1089,WetDep_SO4_mgm2,2012,2,18.205703301164203,16.089631372093024,2012-02-01,9.638982331229911,9.501662469950427,2.116071929071179
1090,WetDep_SO4_mgm2,2012,3,28.06670332286837,23.4181616142132,2012-03-01,9.638982331229911,9.501662469950427,4.64854170865517
1091,WetDep_SO4_mgm2,2012,4,21.44916600010723,18.893445297435896,2012-04-01,9.638982331229911,9.501662469950427,2.5557207026713336
1092,WetDep_SO4_mgm2,2012,5,37.006882763004114,31.137227451612905,2012-05-01,9.638982331229911,9.501662469950427,5.8696553113912096
1093,WetDep_SO4_mgm2,2012,6,24.709281637578435,21.111747942196534,2012-06-01,9.638982331229911,9.501662469950427,3.5975336953819017
1094,WetDep_SO4_mgm2,2012,7,28.59619985143579,20.477391650887572,2012-07-01,9.638982331229911,9.501662469950427,8.11880820054822
1095,WetDep_SO4_mgm2,2012,8,47.86340862291308,34.58053646629213,2012-08-01,9.638982331229911,9.501662469950427,13.282872156620947
1096,WetDep_SO4_mgm2,2012,9,27.01412969566563,18.66569526923077,2012-09-01,9.638982331229911,9.501662469950427,8.34843442643486
1097,WetDep_SO4_mgm2,2012,10,31.988230940522985,25.795316815384616,2012-10-01,9.638982331229911,9.501662469950427,6.192914125138369
1098,WetDep_SO4_mgm2,2012,11,9.96793588627878,7.9974089450549455,2012-11-01,9.638982331229911,9.501662469950427,1.9705269412238353
1099,WetDep_SO4_mgm2,2012,12,20.88193838936765,20.610342577889448,2012-12-01,9.638982331229911,9.501662469950427,0.27159581147820333
1100,WetDep_SO4_mgm2,2013,1,18.906011543648496,16.55700225,2013-01-01,9.638982331229911,9.501662469950427,2.3490092936484963
1101,WetDep_SO4_mgm2,2013,2,24.141479007560378,22.315024790697677,2013-02-01,9.638982331229911,9.501662469950427,1.8264542168627003
1102,WetDep_SO4_mgm2,2013,3,21.732402095968283,19.42459208205128,2013-03-01,9.638982331229911,9.501662469950427,2.3078100139170026
1103,WetDep_SO4_mgm2,2013,4,34.79331325096752,34.003471087804876,2013-04-01,9.638982331229911,9.501662469950427,0.7898421631626462
1104,WetDep_SO4_mgm2,2013,5,34.96813690463861,30.855897981900455,2013-05-01,9.638982331229911,9.501662469950427,4.1122389227381575
1105,WetDep_SO4_mgm2,2013,6,44.12753608757096,33.10404261666667,2013-06-01,9.638982331229911,9.501662469950427,11.023493470904292
1106,WetDep_SO4_mgm2,2013,7,49.38678146381457,40.7527387914692,2013-07-01,9.638982331229911,9.501662469950427,8.634042672345373
1107,WetDep_SO4_mgm2,2013,8,42.261661002728445,26.89196734517766,2013-08-01,9.638982331229911,9.501662469950427,15.369693657550783
1108,WetDep_SO4_mgm2,2013,9,31.134924512629148,20.85997550471698,2013-09-01,9.638982331229911,9.501662469950427,10.274949007912166
1109,WetDep_SO4_mgm2,2013,10,22.1166210855022,15.65619223857868,2013-10-01,9.638982331229911,9.501662469950427,6.46042884692352
1110,WetDep_SO4_mgm2,2013,11,15.7430494538927,14.677802266055046,2013-11-01,9.638982331229911,9.501662469950427,1.0652471878376542
1111,WetDep_SO4_mgm2,2013,12,18.371697713159868,18.923859058252425,2013-12-01,9.638982331229911,9.501662469950427,0.5521613450925571
1112,WetDep_SO4_mgm2,2014,1,12.493820024712829,12.289661783068782,2014-01-01,9.638982331229911,9.501662469950427,0.2041582416440466
1113,WetDep_SO4_mgm2,2014,2,18.534334959040745,17.68566799056604,2014-02-01,9.638982331229911,9.501662469950427,0.8486669684747064
1114,WetDep_SO4_mgm2,2014,3,18.00881757387711,16.33046541314554,2014-03-01,9.638982331229911,9.501662469950427,1.6783521607315706
1115,WetDep_SO4_mgm2,2014,4,39.91168221882038,37.24506344292237,2014-04-01,9.638982331229911,9.501662469950427,2.6666187758980087
1116,WetDep_SO4_mgm2,2014,5,29.23060634028926,23.888039401960786,2014-05-01,9.638982331229911,9.501662469950427,5.342566938328474
1117,WetDep_SO4_mgm2,2014,6,38.645653155167274,30.633524109947643,2014-06-01,9.638982331229911,9.501662469950427,8.01212904521963
1118,WetDep_SO4_mgm2,2014,7,47.003564733092674,31.845088645320196,2014-07-01,9.638982331229911,9.501662469950427,15.158476087772478
1119,WetDep_SO4_mgm2,2014,8,36.968584449193266,22.158377487922703,2014-08-01,9.638982331229911,9.501662469950427,14.810206961270563
1120,WetDep_SO4_mgm2,2014,9,28.30528944805294,17.02380065277778,2014-09-01,9.638982331229911,9.501662469950427,11.281488795275159
1121,WetDep_SO4_mgm2,2014,10,29.304812519853154,21.64912933168317,2014-10-01,9.638982331229911,9.501662469950427,7.655683188169984
1122,WetDep_SO4_mgm2,2014,11,15.117381624830623,12.656465621359223,2014-11-01,9.638982331229911,9.501662469950427,2.4609160034714
1123,WetDep_SO4_mgm2,2014,12,20.26576169622606,18.613156120171674,2014-12-01,9.638982331229911,9.501662469950427,1.6526055760543876
1124,WetDep_SO4_mgm2,2015,1,11.386393215315987,10.812067119402986,2015-01-01,9.638982331229911,9.501662469950427,0.5743260959130012
1125,WetDep_SO4_mgm2,2015,2,14.18105832624909,11.367946466367712,2015-02-01,9.638982331229911,9.501662469950427,2.813111859881378
1126,WetDep_SO4_mgm2,2015,3,17.19201176569516,15.121136986486487,2015-03-01,9.638982331229911,9.501662469950427,2.0708747792086726
1127,WetDep_SO4_mgm2,2015,4,36.16814760331698,31.484088917391304,2015-04-01,9.638982331229911,9.501662469950427,4.684058685925677
1128,WetDep_SO4_mgm2,2015,5,27.5944572505284,21.24357033653846,2015-05-01,9.638982331229911,9.501662469950427,6.350886913989939
1129,WetDep_SO4_mgm2,2015,6,40.82461185262124,28.944243074766355,2015-06-01,9.638982331229911,9.501662469950427,11.880368777854883
1130,WetDep_SO4_mgm2,2015,7,43.392736012413685,26.26502375980392,2015-07-01,9.638982331229911,9.501662469950427,17.127712252609765
1131,WetDep_SO4_mgm2,2015,8,29.785529061473444,15.96069006,2015-08-01,9.638982331229911,9.501662469950427,13.824839001473444
1132,WetDep_SO4_mgm2,2015,9,23.964418084617687,13.898671950248756,2015-09-01,9.638982331229911,9.501662469950427,10.065746134368931
1133,WetDep_SO4_mgm2,2015,10,16.85800814981736,11.817385331838565,2015-10-01,9.638982331229911,9.501662469950427,5.040622817978793
1134,WetDep_SO4_mgm2,2015,11,15.982411107915265,12.280892137440759,2015-11-01,9.638982331229911,9.501662469950427,3.701518970474506
1135,WetDep_SO4_mgm2,2015,12,21.619292909570945,17.533470604347826,2015-12-01,9.638982331229911,9.501662469950427,4.085822305223118
1136,WetDep_SO4_mgm2,2016,1,11.436916788328407,8.93482531330472,2016-01-01,9.638982331229911,9.501662469950427,2.5020914750236862
1137,WetDep_SO4_mgm2,2016,2,17.115116960205924,14.096590104761905,2016-02-01,9.638982331229911,9.501662469950427,3.018526855444019
1138,WetDep_SO4_mgm2,2016,3,30.642315249438806,23.145354100456622,2016-03-01,9.638982331229911,9.501662469950427,7.496961148982184
1139,WetDep_SO4_mgm2,2016,4,27.158601248184386,19.915536863436124,2016-04-01,9.638982331229911,9.501662469950427,7.243064384748262
1140,WetDep_SO4_mgm2,2016,5,35.188695805964905,23.60731357079646,2016-05-01,9.638982331229911,9.501662469950427,11.581382235168444
1141,WetDep_SO4_mgm2,2016,6,29.610174210430944,18.118852624413147,2016-06-01,9.638982331229911,9.501662469950427,11.491321586017797
1142,WetDep_SO4_mgm2,2016,7,25.282426045663282,15.435475723958334,2016-07-01,9.638982331229911,9.501662469950427,9.846950321704949
1143,WetDep_SO4_mgm2,2016,8,35.184519830190006,21.26143449029126,2016-08-01,9.638982331229911,9.501662469950427,13.923085339898744
1144,WetDep_SO4_mgm2,2016,9,27.54675773638808,12.138136831730769,2016-09-01,9.638982331229911,9.501662469950427,15.408620904657312
1145,WetDep_SO4_mgm2,2016,10,22.884043722470597,12.032756335135135,2016-10-01,9.638982331229911,9.501662469950427,10.851287387335462
1146,WetDep_SO4_mgm2,2016,11,17.08808951600149,13.213539287081339,2016-11-01,9.638982331229911,9.501662469950427,3.8745502289201497
1147,WetDep_SO4_mgm2,2016,12,17.047245395328204,15.953686344036697,2016-12-01,9.638982331229911,9.501662469950427,1.093559051291507
1148,WetDep_SO4_mgm2,2017,1,18.57073592507243,15.815509038461538,2017-01-01,9.638982331229911,9.501662469950427,2.7552268866108918
1149,WetDep_SO4_mgm2,2017,2,16.388856295642515,12.15507397285068,2017-02-01,9.638982331229911,9.501662469950427,4.233782322791836
1150,WetDep_SO4_mgm2,2017,3,28.403904364653023,19.595937982222225,2017-03-01,9.638982331229911,9.501662469950427,8.807966382430799
1151,WetDep_SO4_mgm2,2017,4,32.85185121023066,24.81868356372549,2017-04-01,9.638982331229911,9.501662469950427,8.033167646505174
1152,WetDep_SO4_mgm2,2017,5,35.635588635512995,26.436706779904306,2017-05-01,9.638982331229911,9.501662469950427,9.19888185560869
1153,WetDep_SO4_mgm2,2017,6,21.98377248761389,16.285286168421052,2017-06-01,9.638982331229911,9.501662469950427,5.698486319192838
1154,WetDep_SO4_mgm2,2017,7,33.50569241438704,19.42992926035503,2017-07-01,9.638982331229911,9.501662469950427,14.07576315403201
1155,WetDep_SO4_mgm2,2017,8,35.31303879495178,18.979773626168225,2017-08-01,9.638982331229911,9.501662469950427,16.333265168783555
1156,WetDep_SO4_mgm2,2017,9,22.877215124439687,12.571977055837564,2017-09-01,9.638982331229911,9.501662469950427,10.305238068602122
1157,WetDep_SO4_mgm2,2017,10,17.441215465542275,10.119652543010753,2017-10-01,9.638982331229911,9.501662469950427,7.3215629225315215
1158,WetDep_SO4_mgm2,2017,11,19.789511911267223,13.639874142156863,2017-11-01,9.638982331229911,9.501662469950427,6.14963776911036
1159,WetDep_SO4_mgm2,2017,12,14.863441958760495,11.534553794999999,2017-12-01,9.638982331229911,9.501662469950427,3.328888163760496
1160,WetDep_SO4_mgm2,2018,1,11.484044073578058,8.536516797235024,2018-01-01,9.638982331229911,9.501662469950427,2.9475272763430347
1161,WetDep_SO4_mgm2,2018,2,24.54535671007287,18.764406633802817,2018-02-01,9.638982331229911,9.501662469950427,5.780950076270052
1162,WetDep_SO4_mgm2,2018,3,17.866497498801355,12.66483766826923,2018-03-01,9.638982331229911,9.501662469950427,5.201659830532124
1163,WetDep_SO4_mgm2,2018,4,29.3980583908519,22.43099429850746,2018-04-01,9.638982331229911,9.501662469950427,6.96706409234444
1164,WetDep_SO4_mgm2,2018,5,32.52628618008451,22.124797454081634,2018-05-01,9.638982331229911,9.501662469950427,10.401488726002878
1165,WetDep_SO4_mgm2,2018,6,26.849346763438806,16.83361487283237,2018-06-01,9.638982331229911,9.501662469950427,10.015731890606435
1166,WetDep_SO4_mgm2,2018,7,27.055342895156144,16.028784589285713,2018-07-01,9.638982331229911,9.501662469950427,11.02655830587043
1167,WetDep_SO4_mgm2,2018,8,36.18028432353652,20.41154773262032,2018-08-01,9.638982331229911,9.501662469950427,15.768736590916198
1168,WetDep_SO4_mgm2,2018,9,27.49540429783994,14.904070201149425,2018-09-01,9.638982331229911,9.501662469950427,12.591334096690515
1169,WetDep_SO4_mgm2,2018,10,21.656470391941625,13.577968148148148,2018-10-01,9.638982331229911,9.501662469950427,8.078502243793476
1170,WetDep_SO4_mgm2,2018,11,17.4953808869902,14.746528614999999,2018-11-01,9.638982331229911,9.501662469950427,2.748852271990202
1171,WetDep_SO4_mgm2,2018,12,12.758732885630327,10.65019388442211,2018-12-01,9.638982331229911,9.501662469950427,2.108539001208216
1172,WetDep_SO4_mgm2,2019,1,20.69763949882273,16.61182048765432,2019-01-01,9.638982331229911,9.501662469950427,4.085819011168411
1173,WetDep_SO4_mgm2,2019,2,22.468241465499354,19.56544127804878,2019-02-01,9.638982331229911,9.501662469950427,2.9028001874505733
1174,WetDep_SO4_mgm2,2019,3,17.764983062149938,14.041395557692308,2019-03-01,9.638982331229911,9.501662469950427,3.7235875044576296
1175,WetDep_SO4_mgm2,2019,4,29.120342336262325,22.540349669902913,2019-04-01,9.638982331229911,9.501662469950427,6.579992666359413
1176,WetDep_SO4_mgm2,2019,5,34.90342770391561,26.427895564220183,2019-05-01,9.638982331229911,9.501662469950427,8.475532139695428
1177,WetDep_SO4_mgm2,2019,6,30.26495488427332,21.146137752631578,2019-06-01,9.638982331229911,9.501662469950427,9.118817131641741
1178,WetDep_SO4_mgm2,2019,7,21.65640506249549,15.134446097938143,2019-07-01,9.638982331229911,9.501662469950427,6.5219589645573475
1179,WetDep_SO4_mgm2,2019,8,28.08160044394442,17.373510244565217,2019-08-01,9.638982331229911,9.501662469950427,10.708090199379203
1180,WetDep_SO4_mgm2,2019,9,17.128912197980622,9.287250611764705,2019-09-01,9.638982331229911,9.501662469950427,7.841661586215917
1181,WetDep_SO4_mgm2,2019,10,24.83405004256312,14.767228272727271,2019-10-01,9.638982331229911,9.501662469950427,10.06682176983585
1182,WetDep_SO4_mgm2,2019,11,12.382651600116509,9.466979815,2019-11-01,9.638982331229911,9.501662469950427,2.9156717851165084
1183,WetDep_SO4_mgm2,2019,12,13.800740501968892,12.461537736111111,2019-12-01,9.638982331229911,9.501662469950427,1.339202765857781
1184,WetDep_SO4_mgm2,2020,1,15.900425936248372,13.162547657407409,2020-01-01,9.638982331229911,9.501662469950427,2.737878278840963
1185,WetDep_SO4_mgm2,2020,2,19.384813684039926,15.1861705971564,2020-02-01,9.638982331229911,9.501662469950427,4.198643086883527
1186,WetDep_SO4_mgm2,2020,3,17.57080984794184,13.611026283105025,2020-03-01,9.638982331229911,9.501662469950427,3.959783564836817
1187,WetDep_SO4_mgm2,2020,4,24.840106995676443,17.95176002051282,2020-04-01,9.638982331229911,9.501662469950427,6.888346975163625
1188,WetDep_SO4_mgm2,2020,5,25.070656174448644,15.748386938547485,2020-05-01,9.638982331229911,9.501662469950427,9.322269235901159
1189,WetDep_SO4_mgm2,2020,6,18.94238332055093,12.804437352601155,2020-06-01,9.638982331229911,9.501662469950427,6.137945967949776
1190,WetDep_SO4_mgm2,2020,7,20.862793287067536,13.75382652840909,2020-07-01,9.638982331229911,9.501662469950427,7.108966758658445
1191,WetDep_SO4_mgm2,2020,8,22.190920201194203,15.158551898550725,2020-08-01,9.638982331229911,9.501662469950427,7.032368302643478
1192,WetDep_SO4_mgm2,2020,9,20.559495635593446,10.934432604166666,2020-09-01,9.638982331229911,9.501662469950427,9.62506303142678
1193,WetDep_SO4_mgm2,2020,10,20.533923899173487,11.31743044047619,2020-10-01,9.638982331229911,9.501662469950427,9.216493458697297
1194,WetDep_SO4_mgm2,2020,11,12.788333615400632,9.825523790055248,2020-11-01,9.638982331229911,9.501662469950427,2.962809825345383
1195,WetDep_SO4_mgm2,2020,12,11.415603375750504,9.667918440758294,2020-12-01,9.638982331229911,9.501662469950427,1.7476849349922094
1196,WetDep_SO4_mgm2,2021,1,11.630245896076884,9.216932908163265,2021-01-01,9.638982331229911,9.501662469950427,2.413312987913619
1197,WetDep_SO4_mgm2,2021,2,17.430626821671563,14.653888877450981,2021-02-01,9.638982331229911,9.501662469950427,2.7767379442205815
1198,WetDep_SO4_mgm2,2021,3,20.57782160461004,18.46156677948718,2021-03-01,9.638982331229911,9.501662469950427,2.116254825122862
1199,WetDep_SO4_mgm2,2021,4,17.208169271590013,14.496623150259069,2021-04-01,9.638982331229911,9.501662469950427,2.7115461213309437
1200,WetDep_SO4_mgm2,2021,5,19.7060355313372,16.13037716243655,2021-05-01,9.638982331229911,9.501662469950427,3.575658368900651
1201,WetDep_SO4_mgm2,2021,6,24.177864913642114,17.22600605050505,2021-06-01,9.638982331229911,9.501662469950427,6.9518588631370655
1202,WetDep_SO4_mgm2,2021,7,22.30976704737079,15.088715956284153,2021-07-01,9.638982331229911,9.501662469950427,7.221051091086638
1203,WetDep_SO4_mgm2,2021,8,20.790299092080087,13.899284710382513,2021-08-01,9.638982331229911,9.501662469950427,6.891014381697573
1204,WetDep_SO4_mgm2,2021,9,22.171526917564943,13.310792661458335,2021-09-01,9.638982331229911,9.501662469950427,8.860734256106609
1205,WetDep_SO4_mgm2,2021,10,17.982175125005128,10.651710319587629,2021-10-01,9.638982331229911,9.501662469950427,7.330464805417499
1206,WetDep_SO4_mgm2,2021,11,13.000728022093698,8.62673135078534,2021-11-01,9.638982331229911,9.501662469950427,4.373996671308358
1207,WetDep_SO4_mgm2,2021,12,16.6786641131401,12.51759354,2021-12-01,9.638982331229911,9.501662469950427,4.161070573140101
1208,WetDep_SO4_mgm2,2022,1,10.540409398932578,8.621845028985508,2022-01-01,9.638982331229911,9.501662469950427,1.9185643699470702
1209,WetDep_SO4_mgm2,2022,2,11.549416155248052,9.259135916666667,2022-02-01,9.638982331229911,9.501662469950427,2.290280238581385
1210,WetDep_SO4_mgm2,2022,3,19.6216492491304,15.720340119815669,2022-03-01,9.638982331229911,9.501662469950427,3.901309129314731
1211,WetDep_SO4_mgm2,2022,4,23.47633777873709,19.68111424867725,2022-04-01,9.638982331229911,9.501662469950427,3.7952235300598396
1212,WetDep_SO4_mgm2,2022,5,20.657484557817,14.869827793296091,2022-05-01,9.638982331229911,9.501662469950427,5.787656764520909
1213,WetDep_SO4_mgm2,2022,6,19.61544593657044,12.079789404255319,2022-06-01,9.638982331229911,9.501662469950427,7.5356565323151194
1214,WetDep_SO4_mgm2,2022,7,19.527982730304352,12.749630921052631,2022-07-01,9.638982331229911,9.501662469950427,6.7783518092517205
1215,WetDep_SO4_mgm2,2022,8,20.109156916844697,11.170592404371584,2022-08-01,9.638982331229911,9.501662469950427,8.938564512473112
1216,WetDep_SO4_mgm2,2022,9,15.749520466073493,8.575988269662922,2022-09-01,9.638982331229911,9.501662469950427,7.173532196410571
1217,WetDep_SO4_mgm2,2022,10,10.985051938965457,6.414293852348993,2022-10-01,9.638982331229911,9.501662469950427,4.570758086616464
1218,WetDep_SO4_mgm2,2022,11,12.886018246371655,8.389911969072164,2022-11-01,9.638982331229911,9.501662469950427,4.496106277299491
1219,WetDep_SO4_mgm2,2022,12,11.863036148287236,10.223331777142857,2022-12-01,9.638982331229911,9.501662469950427,1.6397043711443793
