,Variable,Error_bin,Bin_count,Total_count,90_perc
0,Precipitation_mm,"(0, 25]",38665,175213,157691.7
1,Precipitation_mm,"(25, 50]",37223,175213,157691.7
2,Precipitation_mm,"(50, 75]",31457,175213,157691.7
3,Precipitation_mm,"(75, 100]",22244,175213,157691.7
4,Precipitation_mm,"(100, 125]",5729,175213,157691.7
5,Precipitation_mm,"(125, 150]",4491,175213,157691.7
6,Precipitation_mm,"(150, 175]",3601,175213,157691.7
7,Precipitation_mm,"(175, 200]",2983,175213,157691.7
8,Precipitation_mm,"(200, 225]",2503,175213,157691.7
9,Precipitation_mm,"(225, 250]",2065,175213,157691.7
10,Precipitation_mm,"(250, 275]",1819,175213,157691.7
11,Precipitation_mm,"(275, 300]",1514,175213,157691.7
12,Precipitation_mm,"(300, 325]",1343,175213,157691.7
13,Precipitation_mm,"(325, 350]",1189,175213,157691.7
14,Precipitation_mm,"(350, 375]",1060,175213,157691.7
15,Precipitation_mm,"(375, 400]",959,175213,157691.7
16,Precipitation_mm,"(400, 425]",806,175213,157691.7
17,Precipitation_mm,"(425, 450]",708,175213,157691.7
18,Precipitation_mm,"(450, 475]",657,175213,157691.7
19,Precipitation_mm,"(475, 500]",593,175213,157691.7
20,Precipitation_mm,"(500, 525]",505,175213,157691.7
21,Precipitation_mm,"(525, 550]",555,175213,157691.7
22,Precipitation_mm,"(550, 575]",452,175213,157691.7
23,Precipitation_mm,"(575, 600]",421,175213,157691.7
24,Precipitation_mm,"(600, 625]",391,175213,157691.7
25,Precipitation_mm,"(625, 650]",366,175213,157691.7
26,Precipitation_mm,"(650, 675]",321,175213,157691.7
27,Precipitation_mm,"(675, 700]",323,175213,157691.7
28,Precipitation_mm,"(700, 725]",332,175213,157691.7
29,Precipitation_mm,"(725, 750]",275,175213,157691.7
30,Precipitation_mm,"(750, 775]",270,175213,157691.7
31,Precipitation_mm,"(775, 800]",246,175213,157691.7
32,Precipitation_mm,"(800, 825]",249,175213,157691.7
33,Precipitation_mm,"(825, 850]",205,175213,157691.7
34,Precipitation_mm,"(850, 875]",193,175213,157691.7
35,Precipitation_mm,"(875, 900]",200,175213,157691.7
36,Precipitation_mm,"(900, 925]",187,175213,157691.7
37,Precipitation_mm,"(925, 950]",177,175213,157691.7
38,Precipitation_mm,"(950, 975]",184,175213,157691.7
39,Precipitation_mm,"(975, 1000]",165,175213,157691.7
40,WetDep_DOC_mgm2,"(0, 25]",554,2753,2477.7000000000003
41,WetDep_DOC_mgm2,"(25, 50]",563,2753,2477.7000000000003
42,WetDep_DOC_mgm2,"(50, 75]",599,2753,2477.7000000000003
43,WetDep_DOC_mgm2,"(75, 100]",383,2753,2477.7000000000003
44,WetDep_DOC_mgm2,"(100, 125]",77,2753,2477.7000000000003
45,WetDep_DOC_mgm2,"(125, 150]",48,2753,2477.7000000000003
46,WetDep_DOC_mgm2,"(150, 175]",52,2753,2477.7000000000003
47,WetDep_DOC_mgm2,"(175, 200]",32,2753,2477.7000000000003
48,WetDep_DOC_mgm2,"(200, 225]",32,2753,2477.7000000000003
49,WetDep_DOC_mgm2,"(225, 250]",24,2753,2477.7000000000003
50,WetDep_DOC_mgm2,"(250, 275]",30,2753,2477.7000000000003
51,WetDep_DOC_mgm2,"(275, 300]",27,2753,2477.7000000000003
52,WetDep_DOC_mgm2,"(300, 325]",23,2753,2477.7000000000003
53,WetDep_DOC_mgm2,"(325, 350]",11,2753,2477.7000000000003
54,WetDep_DOC_mgm2,"(350, 375]",5,2753,2477.7000000000003
55,WetDep_DOC_mgm2,"(375, 400]",17,2753,2477.7000000000003
56,WetDep_DOC_mgm2,"(400, 425]",8,2753,2477.7000000000003
57,WetDep_DOC_mgm2,"(425, 450]",16,2753,2477.7000000000003
58,WetDep_DOC_mgm2,"(450, 475]",9,2753,2477.7000000000003
59,WetDep_DOC_mgm2,"(475, 500]",8,2753,2477.7000000000003
60,WetDep_DOC_mgm2,"(500, 525]",3,2753,2477.7000000000003
61,WetDep_DOC_mgm2,"(525, 550]",6,2753,2477.7000000000003
62,WetDep_DOC_mgm2,"(550, 575]",8,2753,2477.7000000000003
63,WetDep_DOC_mgm2,"(575, 600]",1,2753,2477.7000000000003
64,WetDep_DOC_mgm2,"(600, 625]",4,2753,2477.7000000000003
65,WetDep_DOC_mgm2,"(625, 650]",6,2753,2477.7000000000003
66,WetDep_DOC_mgm2,"(650, 675]",1,2753,2477.7000000000003
67,WetDep_DOC_mgm2,"(675, 700]",1,2753,2477.7000000000003
68,WetDep_DOC_mgm2,"(700, 725]",5,2753,2477.7000000000003
69,WetDep_DOC_mgm2,"(725, 750]",5,2753,2477.7000000000003
70,WetDep_DOC_mgm2,"(750, 775]",5,2753,2477.7000000000003
71,WetDep_DOC_mgm2,"(775, 800]",2,2753,2477.7000000000003
72,WetDep_DOC_mgm2,"(800, 825]",3,2753,2477.7000000000003
73,WetDep_DOC_mgm2,"(825, 850]",2,2753,2477.7000000000003
74,WetDep_DOC_mgm2,"(850, 875]",4,2753,2477.7000000000003
75,WetDep_DOC_mgm2,"(875, 900]",6,2753,2477.7000000000003
76,WetDep_DOC_mgm2,"(900, 925]",5,2753,2477.7000000000003
77,WetDep_DOC_mgm2,"(925, 950]",0,2753,2477.7000000000003
78,WetDep_DOC_mgm2,"(950, 975]",2,2753,2477.7000000000003
79,WetDep_DOC_mgm2,"(975, 1000]",2,2753,2477.7000000000003
80,WetDep_NH4_mgm2,"(0, 25]",38077,172000,154800.0
81,WetDep_NH4_mgm2,"(25, 50]",36617,172000,154800.0
82,WetDep_NH4_mgm2,"(50, 75]",30794,172000,154800.0
83,WetDep_NH4_mgm2,"(75, 100]",21635,172000,154800.0
84,WetDep_NH4_mgm2,"(100, 125]",5646,172000,154800.0
85,WetDep_NH4_mgm2,"(125, 150]",4438,172000,154800.0
86,WetDep_NH4_mgm2,"(150, 175]",3541,172000,154800.0
87,WetDep_NH4_mgm2,"(175, 200]",2945,172000,154800.0
88,WetDep_NH4_mgm2,"(200, 225]",2465,172000,154800.0
89,WetDep_NH4_mgm2,"(225, 250]",2040,172000,154800.0
90,WetDep_NH4_mgm2,"(250, 275]",1789,172000,154800.0
91,WetDep_NH4_mgm2,"(275, 300]",1486,172000,154800.0
92,WetDep_NH4_mgm2,"(300, 325]",1317,172000,154800.0
93,WetDep_NH4_mgm2,"(325, 350]",1174,172000,154800.0
94,WetDep_NH4_mgm2,"(350, 375]",1052,172000,154800.0
95,WetDep_NH4_mgm2,"(375, 400]",941,172000,154800.0
96,WetDep_NH4_mgm2,"(400, 425]",796,172000,154800.0
97,WetDep_NH4_mgm2,"(425, 450]",689,172000,154800.0
98,WetDep_NH4_mgm2,"(450, 475]",646,172000,154800.0
99,WetDep_NH4_mgm2,"(475, 500]",584,172000,154800.0
100,WetDep_NH4_mgm2,"(500, 525]",499,172000,154800.0
101,WetDep_NH4_mgm2,"(525, 550]",548,172000,154800.0
102,WetDep_NH4_mgm2,"(550, 575]",443,172000,154800.0
103,WetDep_NH4_mgm2,"(575, 600]",418,172000,154800.0
104,WetDep_NH4_mgm2,"(600, 625]",386,172000,154800.0
105,WetDep_NH4_mgm2,"(625, 650]",359,172000,154800.0
106,WetDep_NH4_mgm2,"(650, 675]",314,172000,154800.0
107,WetDep_NH4_mgm2,"(675, 700]",321,172000,154800.0
108,WetDep_NH4_mgm2,"(700, 725]",325,172000,154800.0
109,WetDep_NH4_mgm2,"(725, 750]",270,172000,154800.0
110,WetDep_NH4_mgm2,"(750, 775]",265,172000,154800.0
111,WetDep_NH4_mgm2,"(775, 800]",244,172000,154800.0
112,WetDep_NH4_mgm2,"(800, 825]",245,172000,154800.0
113,WetDep_NH4_mgm2,"(825, 850]",203,172000,154800.0
114,WetDep_NH4_mgm2,"(850, 875]",188,172000,154800.0
115,WetDep_NH4_mgm2,"(875, 900]",192,172000,154800.0
116,WetDep_NH4_mgm2,"(900, 925]",182,172000,154800.0
117,WetDep_NH4_mgm2,"(925, 950]",177,172000,154800.0
118,WetDep_NH4_mgm2,"(950, 975]",181,172000,154800.0
119,WetDep_NH4_mgm2,"(975, 1000]",163,172000,154800.0
120,WetDep_NO3_mgm2,"(0, 25]",38072,171943,154748.7
121,WetDep_NO3_mgm2,"(25, 50]",36614,171943,154748.7
122,WetDep_NO3_mgm2,"(50, 75]",30788,171943,154748.7
123,WetDep_NO3_mgm2,"(75, 100]",21597,171943,154748.7
124,WetDep_NO3_mgm2,"(100, 125]",5646,171943,154748.7
125,WetDep_NO3_mgm2,"(125, 150]",4439,171943,154748.7
126,WetDep_NO3_mgm2,"(150, 175]",3541,171943,154748.7
127,WetDep_NO3_mgm2,"(175, 200]",2944,171943,154748.7
128,WetDep_NO3_mgm2,"(200, 225]",2465,171943,154748.7
129,WetDep_NO3_mgm2,"(225, 250]",2039,171943,154748.7
130,WetDep_NO3_mgm2,"(250, 275]",1789,171943,154748.7
131,WetDep_NO3_mgm2,"(275, 300]",1486,171943,154748.7
132,WetDep_NO3_mgm2,"(300, 325]",1317,171943,154748.7
133,WetDep_NO3_mgm2,"(325, 350]",1175,171943,154748.7
134,WetDep_NO3_mgm2,"(350, 375]",1051,171943,154748.7
135,WetDep_NO3_mgm2,"(375, 400]",941,171943,154748.7
136,WetDep_NO3_mgm2,"(400, 425]",796,171943,154748.7
137,WetDep_NO3_mgm2,"(425, 450]",689,171943,154748.7
138,WetDep_NO3_mgm2,"(450, 475]",646,171943,154748.7
139,WetDep_NO3_mgm2,"(475, 500]",584,171943,154748.7
140,WetDep_NO3_mgm2,"(500, 525]",499,171943,154748.7
141,WetDep_NO3_mgm2,"(525, 550]",548,171943,154748.7
142,WetDep_NO3_mgm2,"(550, 575]",443,171943,154748.7
143,WetDep_NO3_mgm2,"(575, 600]",418,171943,154748.7
144,WetDep_NO3_mgm2,"(600, 625]",386,171943,154748.7
145,WetDep_NO3_mgm2,"(625, 650]",359,171943,154748.7
146,WetDep_NO3_mgm2,"(650, 675]",315,171943,154748.7
147,WetDep_NO3_mgm2,"(675, 700]",321,171943,154748.7
148,WetDep_NO3_mgm2,"(700, 725]",325,171943,154748.7
149,WetDep_NO3_mgm2,"(725, 750]",269,171943,154748.7
150,WetDep_NO3_mgm2,"(750, 775]",265,171943,154748.7
151,WetDep_NO3_mgm2,"(775, 800]",244,171943,154748.7
152,WetDep_NO3_mgm2,"(800, 825]",244,171943,154748.7
153,WetDep_NO3_mgm2,"(825, 850]",203,171943,154748.7
154,WetDep_NO3_mgm2,"(850, 875]",188,171943,154748.7
155,WetDep_NO3_mgm2,"(875, 900]",192,171943,154748.7
156,WetDep_NO3_mgm2,"(900, 925]",182,171943,154748.7
157,WetDep_NO3_mgm2,"(925, 950]",177,171943,154748.7
158,WetDep_NO3_mgm2,"(950, 975]",181,171943,154748.7
159,WetDep_NO3_mgm2,"(975, 1000]",163,171943,154748.7
160,WetDep_SO4_mgm2,"(0, 25]",38072,171928,154735.2
161,WetDep_SO4_mgm2,"(25, 50]",36613,171928,154735.2
162,WetDep_SO4_mgm2,"(50, 75]",30790,171928,154735.2
163,WetDep_SO4_mgm2,"(75, 100]",21600,171928,154735.2
164,WetDep_SO4_mgm2,"(100, 125]",5646,171928,154735.2
165,WetDep_SO4_mgm2,"(125, 150]",4439,171928,154735.2
166,WetDep_SO4_mgm2,"(150, 175]",3541,171928,154735.2
167,WetDep_SO4_mgm2,"(175, 200]",2944,171928,154735.2
168,WetDep_SO4_mgm2,"(200, 225]",2465,171928,154735.2
169,WetDep_SO4_mgm2,"(225, 250]",2039,171928,154735.2
170,WetDep_SO4_mgm2,"(250, 275]",1789,171928,154735.2
171,WetDep_SO4_mgm2,"(275, 300]",1486,171928,154735.2
172,WetDep_SO4_mgm2,"(300, 325]",1317,171928,154735.2
173,WetDep_SO4_mgm2,"(325, 350]",1175,171928,154735.2
174,WetDep_SO4_mgm2,"(350, 375]",1051,171928,154735.2
175,WetDep_SO4_mgm2,"(375, 400]",941,171928,154735.2
176,WetDep_SO4_mgm2,"(400, 425]",797,171928,154735.2
177,WetDep_SO4_mgm2,"(425, 450]",689,171928,154735.2
178,WetDep_SO4_mgm2,"(450, 475]",646,171928,154735.2
179,WetDep_SO4_mgm2,"(475, 500]",584,171928,154735.2
180,WetDep_SO4_mgm2,"(500, 525]",499,171928,154735.2
181,WetDep_SO4_mgm2,"(525, 550]",548,171928,154735.2
182,WetDep_SO4_mgm2,"(550, 575]",443,171928,154735.2
183,WetDep_SO4_mgm2,"(575, 600]",418,171928,154735.2
184,WetDep_SO4_mgm2,"(600, 625]",386,171928,154735.2
185,WetDep_SO4_mgm2,"(625, 650]",359,171928,154735.2
186,WetDep_SO4_mgm2,"(650, 675]",315,171928,154735.2
187,WetDep_SO4_mgm2,"(675, 700]",321,171928,154735.2
188,WetDep_SO4_mgm2,"(700, 725]",325,171928,154735.2
189,WetDep_SO4_mgm2,"(725, 750]",269,171928,154735.2
190,WetDep_SO4_mgm2,"(750, 775]",265,171928,154735.2
191,WetDep_SO4_mgm2,"(775, 800]",244,171928,154735.2
192,WetDep_SO4_mgm2,"(800, 825]",244,171928,154735.2
193,WetDep_SO4_mgm2,"(825, 850]",203,171928,154735.2
194,WetDep_SO4_mgm2,"(850, 875]",188,171928,154735.2
195,WetDep_SO4_mgm2,"(875, 900]",192,171928,154735.2
196,WetDep_SO4_mgm2,"(900, 925]",182,171928,154735.2
197,WetDep_SO4_mgm2,"(925, 950]",177,171928,154735.2
198,WetDep_SO4_mgm2,"(950, 975]",181,171928,154735.2
199,WetDep_SO4_mgm2,"(975, 1000]",163,171928,154735.2
