,siteId,SamplingInt,lat,lon,PREC_tot_mm,Mod_BC_mgm2,Mod_SOA_POM_mgm2,Mod_DOC_mgm2,latitude,longitude,dateOn,dateOff,dateOnround,dateOffround,DOC_mgm2,Precip_mm,IntTime
0,AK02,0.0,72.76224294080752,234.70663436348994,2.8139045877395574,7.43168e-14,1.5886966e-12,0.14368436060093262,58.5139,-134.7843,2017-02-21 18:05:00,2017-02-28 18:28:00,2017-02-22,2017-03-01,3.1699200000000003,8.128,7 days 00:00:00
1,AK02,1.0,72.76224294080752,234.70663436348994,1.0739280528859751,9.85572e-14,1.7805822e-12,0.1623576398506594,58.5139,-134.7843,2017-03-21 18:55:00,2017-03-28 17:50:00,2017-03-22,2017-03-29,5.97408,12.192,7 days 00:00:00
2,AK02,2.0,72.76224294080752,234.70663436348994,0.16659491036685736,3.6716273e-14,4.243601e-13,0.039836998049308944,58.5139,-134.7843,2017-04-18 18:07:00,2017-04-25 18:01:00,2017-04-19,2017-04-26,4.79552,8.128,7 days 00:00:00
3,AK02,3.0,72.76224294080752,234.70663436348994,3.3209502172226735,1.1411464e-13,1.6707152e-12,0.15420929995680344,58.5139,-134.7843,2017-05-16 16:18:00,2017-05-23 18:23:00,2017-05-17,2017-05-24,18.775679999999998,39.116,7 days 00:00:00
4,AK02,4.0,72.76224294080752,234.70663436348994,0.3960856830411211,5.1624854e-15,3.331623e-14,0.0033245607788236296,58.5139,-134.7843,2017-06-13 18:02:00,2017-06-20 17:17:00,2017-06-14,2017-06-21,33.96742,78.994,7 days 00:00:00
5,AK02,5.0,72.76224294080752,234.70663436348994,4.174291230274463,2.9288351e-12,2.020845e-11,1.999061342768849,58.5139,-134.7843,2017-07-11 17:25:00,2017-07-18 18:11:00,2017-07-12,2017-07-19,32.5374,77.47,7 days 00:00:00
6,AK02,6.0,72.76224294080752,234.70663436348994,1.340137501770755,1.9639038e-13,3.2886046e-12,0.30110357000169535,58.5139,-134.7843,2017-08-08 17:11:00,2017-08-15 22:30:00,2017-08-09,2017-08-16,11.33856,47.244,7 days 00:00:00
7,AK02,7.0,72.76224294080752,234.70663436348994,6.47366641572944,2.820824e-13,2.0907995e-12,0.20501699161588027,58.5139,-134.7843,2017-09-12 18:20:00,2017-09-19 18:50:00,2017-09-13,2017-09-20,4.3434,11.43,7 days 00:00:00
8,AK02,8.0,72.76224294080752,234.70663436348994,1.152779127155945,3.8179725e-14,3.4738708e-13,0.033312972064718616,58.5139,-134.7843,2017-10-03 19:12:00,2017-10-10 18:50:00,2017-10-04,2017-10-11,11.308079999999999,53.848,7 days 00:00:00
9,AK02,9.0,72.76224294080752,234.70663436348994,2.213701343833918,1.3326598e-13,1.3947023e-12,0.13201645664560105,58.5139,-134.7843,2017-11-21 19:35:00,2017-11-28 19:41:00,2017-11-22,2017-11-29,13.522960000000001,30.734,7 days 00:00:00
10,AK02,10.0,72.76224294080752,234.70663436348994,0.5601184300374484,1.07316066e-13,9.24741e-13,0.08916972913227067,58.5139,-134.7843,2017-12-12 20:31:00,2017-12-19 19:53:00,2017-12-13,2017-12-20,24.26462,59.182,7 days 00:00:00
11,AK02,11.0,72.76224294080752,234.70663436348994,2.475110209587683,2.5671604e-13,2.1422105e-12,0.20726725127237827,58.5139,-134.7843,2018-01-09 19:13:00,2018-01-16 19:18:00,2018-01-10,2018-01-17,7.734299999999999,22.098,7 days 00:00:00
12,AK02,12.0,72.76224294080752,234.70663436348994,1.847983108538287,3.1827752e-13,3.254048e-12,0.30864894032542073,58.5139,-134.7843,2018-02-06 19:13:00,2018-02-13 19:17:00,2018-02-07,2018-02-14,6.33984,26.416,7 days 00:00:00
13,AK02,13.0,72.76224294080752,234.70663436348994,8.745302795531984,4.574127e-13,6.3825e-12,0.590968436999267,58.5139,-134.7843,2018-03-13 18:41:00,2018-03-20 18:01:00,2018-03-14,2018-03-21,6.477,25.908,7 days 00:00:00
14,AK02,14.0,72.76224294080752,234.70663436348994,0.09187356515560907,3.5045033e-14,3.7066698e-13,0.03505352066078753,58.5139,-134.7843,2018-04-03 18:02:00,2018-04-10 18:57:00,2018-04-04,2018-04-11,0.381,7.62,7 days 00:00:00
15,AK02,15.0,72.76224294080752,234.70663436348994,0.17498307029796023,1.7861723e-15,1.9845216e-14,0.0018689520089404986,58.5139,-134.7843,2018-05-29 18:41:00,2018-06-05 17:35:00,2018-05-30,2018-06-06,6.54304,14.224,7 days 00:00:00
16,AK02,16.0,72.76224294080752,234.70663436348994,6.147391807198588,1.9861902e-13,2.2715376e-12,0.21342153420510385,58.5139,-134.7843,2018-06-05 17:36:00,2018-06-12 17:55:00,2018-06-06,2018-06-13,12.3952,30.988,7 days 00:00:00
17,AK02,17.0,72.76224294080752,234.70663436348994,3.073745654802451,1.1162794e-13,2.7689322e-12,0.24888039743898202,58.5139,-134.7843,2018-07-10 16:53:00,2018-07-17 18:33:00,2018-07-11,2018-07-18,31.45536,73.152,7 days 00:00:00
18,AK02,18.0,72.76224294080752,234.70663436348994,0.8892658246273388,7.62925e-14,1.6924813e-12,0.15282205674267257,58.5139,-134.7843,2018-08-21 18:08:00,2018-08-28 22:06:00,2018-08-22,2018-08-29,32.512,81.28,7 days 00:00:00
19,AK02,19.0,72.76224294080752,234.70663436348994,1.8538070118978567,1.7683561e-14,1.937596e-13,0.018268688519654103,58.5139,-134.7843,2018-09-18 18:32:00,2018-09-25 21:37:00,2018-09-19,2018-09-26,13.627099999999999,36.83,7 days 00:00:00
20,AK02,20.0,72.76224294080752,234.70663436348994,1.7484007383500253,3.8691478e-13,2.6206181e-12,0.25985084652860746,58.5139,-134.7843,2018-10-02 22:10:00,2018-10-09 17:24:00,2018-10-03,2018-10-10,16.66748,49.022,7 days 00:00:00
21,AK02,21.0,72.76224294080752,234.70663436348994,4.812666546882838,4.409045e-13,7.736361e-12,0.7065157791815747,58.5139,-134.7843,2018-11-20 23:08:00,2018-11-27 19:45:00,2018-11-21,2018-11-28,2.7432,6.858,7 days 00:00:00
22,AK02,22.0,72.76224294080752,234.70663436348994,0.619093729881115,1.8691806e-15,1.804348e-14,0.0017204538666518122,58.5139,-134.7843,2018-12-11 18:56:00,2018-12-18 18:53:00,2018-12-12,2018-12-19,13.004800000000001,32.512,7 days 00:00:00
23,AZ03,0.0,36.06293369833958,247.75412095977143,9.576727670079777,3.2494305e-12,2.4144842e-11,2.3668650568639342,36.0586,-112.184,2017-01-03 20:15:00,2017-01-10 16:15:00,2017-01-04,2017-01-11,2.7381200000000003,19.558,7 days 00:00:00
24,AZ03,1.0,36.06293369833958,247.75412095977143,16.458035667352487,2.5106388e-12,1.9921273e-11,1.9381171113309892,36.0586,-112.184,2017-02-21 19:30:00,2017-02-28 22:00:00,2017-02-22,2017-03-01,4.72948,24.892,7 days 00:00:00
25,AZ03,2.0,36.06293369833958,247.75412095977143,23.82677303393588,3.3558646e-12,3.127184e-11,2.99183362627089,36.0586,-112.184,2017-03-21 17:00:00,2017-03-28 18:15:00,2017-03-22,2017-03-29,7.795260000000001,23.622,7 days 00:00:00
26,AZ03,3.0,36.06293369833958,247.75412095977143,1.0942873217658833,1.0106653e-12,1.3392402e-11,1.2444249977912438,36.0586,-112.184,2017-05-16 17:00:00,2017-05-23 17:00:00,2017-05-17,2017-05-24,3.24612,4.572,7 days 00:00:00
27,AZ03,4.0,36.06293369833958,247.75412095977143,1.0599722998923125,7.331943e-12,2.4141164e-10,21.49144622107689,36.0586,-112.184,2017-07-11 18:30:00,2017-07-18 12:45:00,2017-07-12,2017-07-19,23.809960000000004,21.844,7 days 00:00:00
28,AZ03,5.0,36.06293369833958,247.75412095977143,13.782071991030966,2.4173258e-13,1.9362034e-12,0.1881736660221032,36.0586,-112.184,2018-01-09 14:30:00,2018-01-16 18:30:00,2018-01-10,2018-01-17,5.24256,12.192,7 days 00:00:00
29,AZ03,6.0,36.06293369833958,247.75412095977143,5.889659979678977,1.4436427e-12,1.431991e-11,1.3619710393195863,36.0586,-112.184,2018-02-06 17:45:00,2018-02-13 18:51:00,2018-02-07,2018-02-14,12.425089999999999,20.369,7 days 00:00:00
30,AZ03,7.0,36.06293369833958,247.75412095977143,3.2869266703428055,1.1299174e-12,8.958311e-12,0.8716228924900279,36.0586,-112.184,2018-03-13 17:00:00,2018-03-20 17:45:00,2018-03-14,2018-03-21,2.29108,10.414,7 days 00:00:00
31,AZ03,8.0,36.06293369833958,247.75412095977143,2.7389456750984422,1.1398496e-12,1.5823832e-11,1.4656619941334237,36.0586,-112.184,2018-05-01 18:15:00,2018-05-08 19:15:00,2018-05-02,2018-05-09,4.90728,21.336,7 days 00:00:00
32,AZ03,9.0,36.06293369833958,247.75412095977143,2.109097060238626,4.8166804e-13,2.2001137e-11,1.942514522281988,36.0586,-112.184,2018-06-12 21:30:00,2018-06-19 16:45:00,2018-06-13,2018-06-20,4.470400000000001,4.064,7 days 00:00:00
33,AZ03,10.0,36.06293369833958,247.75412095977143,0.37108524681209176,3.3873764e-13,2.999493e-11,2.6208290864553043,36.0586,-112.184,2018-07-12 17:15:00,2018-07-17 17:15:00,2018-07-13,2018-07-18,3.93954,2.794,5 days 00:00:00
34,AZ03,11.0,36.06293369833958,247.75412095977143,0.33024277488741205,2.6884826e-13,2.2580158e-11,1.9741541574854395,36.0586,-112.184,2018-08-21 17:00:00,2018-08-28 17:00:00,2018-08-22,2018-08-29,65.81225,37.607,7 days 00:00:00
35,AZ03,12.0,36.06293369833958,247.75412095977143,0.12381541094108299,2.9013592e-13,2.866723e-11,2.501916373665459,36.0586,-112.184,2018-09-18 17:15:00,2018-09-25 17:15:00,2018-09-19,2018-09-26,7.5387200000000005,13.462,7 days 00:00:00
36,AZ03,13.0,36.06293369833958,247.75412095977143,31.457019272279616,3.0931058e-12,4.129107e-11,3.8347929687985216,36.0586,-112.184,2018-10-02 17:30:00,2018-10-09 17:40:00,2018-10-03,2018-10-10,31.8262,45.466,7 days 00:00:00
37,AZ03,14.0,36.06293369833958,247.75412095977143,1.2335104006222508,9.9947984e-14,6.3470767e-13,0.06347424536734844,36.0586,-112.184,2018-11-20 15:00:00,2018-11-27 17:45:00,2018-11-21,2018-11-28,4.43992,4.826,7 days 00:00:00
38,AZ03,15.0,36.06293369833958,247.75412095977143,3.9102877997473358,2.0831663e-13,1.4902773e-12,0.14675851277688656,36.0586,-112.184,2018-12-04 22:45:00,2018-12-11 21:15:00,2018-12-05,2018-12-12,1.44018,2.286,7 days 00:00:00
39,CA96,0.0,40.487064626212145,238.4789795895823,219.0130249746347,2.2994191e-12,1.6965764e-11,1.6645118042809421,40.539,-121.5772,2017-01-03 17:38:00,2017-01-10 18:48:00,2017-01-04,2017-01-11,20.59178,187.198,7 days 00:00:00
40,CA96,1.0,40.487064626212145,238.4789795895823,21.187322330984415,3.287264e-12,3.311079e-11,3.144791833192828,40.539,-121.5772,2017-02-21 18:25:00,2017-02-28 19:00:00,2017-02-22,2017-03-01,21.70938,58.674,7 days 00:00:00
41,CA96,2.0,40.487064626212145,238.4789795895823,57.282293504545834,1.8777445e-12,1.4893434e-11,1.4490297048190548,40.539,-121.5772,2017-03-22 17:41:00,2017-03-28 18:35:00,2017-03-23,2017-03-29,16.5354,39.37,6 days 00:00:00
42,CA96,3.0,40.487064626212145,238.4789795895823,27.309972654721015,2.4763353e-12,2.2384884e-11,2.148009410024942,40.539,-121.5772,2017-04-18 17:06:00,2017-04-25 17:23:00,2017-04-19,2017-04-26,31.96336,72.644,7 days 00:00:00
43,CA96,4.0,40.487064626212145,238.4789795895823,0.0860943905054963,6.1212205e-14,7.260823e-13,0.06802224293898089,40.539,-121.5772,2017-05-16 17:08:00,2017-05-23 17:06:00,2017-05-17,2017-05-24,4.9276,5.08,7 days 00:00:00
44,CA96,5.0,40.487064626212145,238.4789795895823,34.610621060937596,1.8802872e-12,2.0957854e-11,1.97321530326193,40.539,-121.5772,2017-06-06 17:14:00,2017-06-13 17:24:00,2017-06-07,2017-06-14,24.6888,41.148,7 days 00:00:00
45,CA96,6.0,40.487064626212145,238.4789795895823,25.265175163248458,8.0463235e-13,8.611248e-12,0.8135320852492731,40.539,-121.5772,2017-10-17 20:53:00,2017-10-24 16:22:00,2017-10-18,2017-10-25,9.530080000000002,34.036,7 days 00:00:00
46,CA96,7.0,40.487064626212145,238.4789795895823,100.16876561773636,1.750921e-12,1.4795453e-11,1.4296066969933199,40.539,-121.5772,2017-11-14 18:38:00,2017-11-21 18:13:00,2017-11-15,2017-11-22,27.482799999999997,137.414,7 days 00:00:00
47,CA96,8.0,40.487064626212145,238.4789795895823,23.61252674927261,1.883625e-12,1.4005985e-11,1.3728622333416316,40.539,-121.5772,2017-12-19 19:02:00,2017-12-26 17:56:00,2017-12-20,2017-12-27,5.8724799999999995,17.272,7 days 00:00:00
48,CA96,9.0,40.487064626212145,238.4789795895823,23.01853760300343,1.164699e-12,1.0227376e-11,0.984275363184483,40.539,-121.5772,2018-01-10 18:49:00,2018-01-16 23:40:00,2018-01-11,2018-01-17,5.25018,9.906,6 days 00:00:00
49,CA96,10.0,40.487064626212145,238.4789795895823,79.72477795377131,2.3050854e-12,1.9917843e-11,1.9200609936459878,40.539,-121.5772,2018-03-12 19:37:00,2018-03-20 16:55:00,2018-03-13,2018-03-21,28.508960000000002,123.952,8 days 00:00:00
50,CA96,11.0,40.487064626212145,238.4789795895823,73.00251641525479,2.032792e-12,1.6868486e-11,1.6330704708069093,40.539,-121.5772,2018-04-03 19:20:00,2018-04-10 16:21:00,2018-04-04,2018-04-11,17.92224,74.676,7 days 00:00:00
51,CA96,12.0,40.487064626212145,238.4789795895823,32.63495638173678,7.985883e-12,1.3550754e-10,12.397831421835821,40.539,-121.5772,2018-05-22 17:37:00,2018-05-29 18:08:00,2018-05-23,2018-05-30,16.37792,31.496,7 days 00:00:00
52,CA96,13.0,40.487064626212145,238.4789795895823,7.832633598906979,1.467164e-13,8.2889576e-13,0.08429289417364258,40.539,-121.5772,2018-09-25 20:00:00,2018-10-02 18:20:00,2018-09-26,2018-10-03,1.69164,2.286,7 days 00:00:00
53,CA96,14.0,40.487064626212145,238.4789795895823,25.15286548088992,5.48247e-12,6.020586e-11,5.675471715747419,40.539,-121.5772,2018-10-02 18:22:00,2018-10-09 21:02:00,2018-10-03,2018-10-10,27.42438,46.482,7 days 00:00:00
54,CA96,15.0,40.487064626212145,238.4789795895823,92.97468905486994,2.7618014e-12,2.2339339e-11,2.1687385997365647,40.539,-121.5772,2018-11-20 17:44:00,2018-11-27 17:57:00,2018-11-21,2018-11-28,21.45792,65.024,7 days 00:00:00
55,CA96,16.0,40.487064626212145,238.4789795895823,39.24016528511487,2.4010995e-12,1.9077018e-11,1.8557092023186588,40.539,-121.5772,2018-12-11 21:05:00,2018-12-18 20:20:00,2018-12-12,2018-12-19,21.209,84.836,7 days 00:00:00
56,GA09,0.0,30.740102358169295,277.9245391697849,22.82107183599058,1.2970626e-12,2.0754768e-11,1.905278032816333,30.7404,-82.1283,2017-01-03 15:45:00,2017-01-10 16:12:00,2017-01-04,2017-01-11,6.880859999999999,32.766,7 days 00:00:00
57,GA09,1.0,30.740102358169295,277.9245391697849,9.529849846057203,2.03519e-12,3.0408273e-11,2.8031152438275084,30.7404,-82.1283,2017-02-21 15:50:00,2017-02-28 16:45:00,2017-02-22,2017-03-01,11.3792,35.56,7 days 00:00:00
58,GA09,2.0,30.740102358169295,277.9245391697849,13.815743097556066,3.2352651e-12,5.0818943e-11,4.670283613550201,30.7404,-82.1283,2017-03-07 15:55:00,2017-03-14 14:32:00,2017-03-08,2017-03-15,7.9146399999999995,20.828,7 days 00:00:00
59,GA09,3.0,30.740102358169295,277.9245391697849,44.859497676118686,3.2022575e-12,9.725304e-11,8.67933771196423,30.7404,-82.1283,2017-05-09 14:28:00,2017-05-16 15:28:00,2017-05-10,2017-05-17,19.5072,20.32,7 days 00:00:00
60,GA09,4.0,30.740102358169295,277.9245391697849,41.359385733841236,3.3427293e-12,1.7664825e-10,15.551220561293988,30.7404,-82.1283,2017-06-13 14:57:00,2017-06-20 14:20:00,2017-06-14,2017-06-21,45.89018,51.562,7 days 00:00:00
61,GA09,5.0,30.740102358169295,277.9245391697849,57.25431615211107,3.3155785e-12,2.1194134e-10,18.59819783490979,30.7404,-82.1283,2017-07-11 14:23:00,2017-07-18 14:20:00,2017-07-12,2017-07-19,54.5084,46.99,7 days 00:00:00
62,GA09,6.0,30.740102358169295,277.9245391697849,142.71635076283928,7.535262e-12,3.81815e-10,33.63986339488534,30.7404,-82.1283,2017-08-08 14:50:00,2017-08-15 14:50:00,2017-08-09,2017-08-16,6.461760000000001,6.096,7 days 00:00:00
63,GA09,7.0,30.740102358169295,277.9245391697849,3.943356201387138,8.603529e-13,2.8150997e-11,2.5065807527247657,30.7404,-82.1283,2017-10-10 14:55:00,2017-10-17 14:07:00,2017-10-11,2017-10-18,23.22576,18.288,7 days 00:00:00
64,GA09,8.0,30.740102358169295,277.9245391697849,51.122172213097265,3.5601665e-12,9.715334e-11,8.701647066931866,30.7404,-82.1283,2018-03-13 15:45:00,2018-03-20 15:05:00,2018-03-14,2018-03-21,1.51892,11.684,7 days 00:00:00
65,GA09,9.0,30.740102358169295,277.9245391697849,55.66928473600124,5.9942754e-12,1.2654527e-10,11.451417583716733,30.7404,-82.1283,2018-04-03 15:20:00,2018-04-10 15:02:00,2018-04-04,2018-04-11,3.7973000000000003,29.21,7 days 00:00:00
66,GA09,10.0,30.740102358169295,277.9245391697849,85.98978967597759,6.889964e-12,1.8440811e-10,16.528154320183397,30.7404,-82.1283,2018-05-22 14:30:00,2018-05-29 15:30:00,2018-05-23,2018-05-30,33.38576,62.992,7 days 00:00:00
67,GA09,11.0,30.740102358169295,277.9245391697849,41.883190942648696,8.110604e-12,3.6766398e-10,32.46692405262563,30.7404,-82.1283,2018-06-05 13:15:00,2018-06-12 15:00:00,2018-06-06,2018-06-13,54.84876,30.988,7 days 00:00:00
68,GA09,12.0,30.740102358169295,277.9245391697849,21.121761221243318,3.2753255e-12,2.535216e-10,22.187253784222705,30.7404,-82.1283,2018-07-10 15:08:00,2018-07-17 14:39:00,2018-07-11,2018-07-18,44.02074,27.686,7 days 00:00:00
69,GA09,13.0,30.740102358169295,277.9245391697849,26.169587584945475,4.818125e-12,1.901442e-10,16.844745061306288,30.7404,-82.1283,2018-08-21 16:02:00,2018-08-28 15:55:00,2018-08-22,2018-08-29,44.86656,32.512,7 days 00:00:00
70,GA09,14.0,30.740102358169295,277.9245391697849,27.064768589609812,2.9668232e-12,1.2902152e-10,11.403792911313209,30.7404,-82.1283,2018-09-18 15:18:00,2018-09-25 14:11:00,2018-09-19,2018-09-26,38.08476,24.892,7 days 00:00:00
71,GA09,15.0,30.740102358169295,277.9245391697849,17.976699959461016,2.0234608e-12,5.0740724e-11,4.558825484105543,30.7404,-82.1283,2018-10-09 13:53:00,2018-10-16 13:50:00,2018-10-10,2018-10-17,17.17548,35.052,7 days 00:00:00
72,GA09,16.0,30.740102358169295,277.9245391697849,76.12824274579404,3.5957673e-12,6.685839e-11,6.08723882652172,30.7404,-82.1283,2018-11-20 16:05:00,2018-11-27 16:12:00,2018-11-21,2018-11-28,10.01776,14.732,7 days 00:00:00
73,GA09,17.0,30.740102358169295,277.9245391697849,56.64123761968533,1.976733e-12,2.1716285e-11,2.0470767079457937,30.7404,-82.1283,2018-12-11 16:42:00,2018-12-18 16:13:00,2018-12-12,2018-12-19,22.38756,57.404,7 days 00:00:00
74,IA23,0.0,40.96133535935603,266.5653394700204,9.943686423081935,2.2979166e-12,2.5043613e-11,2.362308119274253,40.9631,-93.3925,2017-02-21 15:30:00,2017-02-28 19:00:00,2017-02-22,2017-03-01,30.1752,30.48,7 days 00:00:00
75,IA23,1.0,40.96133535935603,266.5653394700204,23.95553211031187,3.3301762e-12,6.010247e-11,5.480580780611881,40.9631,-93.3925,2017-04-18 13:10:00,2017-04-25 13:00:00,2017-04-19,2017-04-26,6.4008,7.62,7 days 00:00:00
76,IA23,2.0,40.96133535935603,266.5653394700204,71.3454050449408,5.4228063e-12,1.2581591e-10,11.339025906344698,40.9631,-93.3925,2017-05-16 13:30:00,2017-05-23 13:30:00,2017-05-17,2017-05-24,39.329359999999994,40.132,7 days 00:00:00
77,IA23,3.0,40.96133535935603,266.5653394700204,9.618065826883388,9.688035e-13,3.1456567e-11,2.801551806011975,40.9631,-93.3925,2017-06-20 13:25:00,2017-06-27 13:15:00,2017-06-21,2017-06-28,11.2014,12.446,7 days 00:00:00
78,IA23,4.0,40.96133535935603,266.5653394700204,2.1284599382275644,1.8783811e-12,9.9069836e-11,8.721926271350874,40.9631,-93.3925,2017-07-11 12:00:00,2017-07-18 13:00:00,2017-07-12,2017-07-19,5.7785,6.35,7 days 00:00:00
79,IA23,5.0,40.96133535935603,266.5653394700204,35.42856529867028,4.8785737e-12,2.0186078e-10,17.8622799283901,40.9631,-93.3925,2017-09-12 13:00:00,2017-09-19 13:10:00,2017-09-13,2017-09-20,14.683739999999998,35.814,7 days 00:00:00
80,IA23,6.0,40.96133535935603,266.5653394700204,144.87409244736835,1.4024653e-11,3.079017e-10,27.814435454853736,40.9631,-93.3925,2017-10-03 12:40:00,2017-10-10 12:55:00,2017-10-04,2017-10-11,28.275280000000002,61.468,7 days 00:00:00
81,IA23,7.0,40.96133535935603,266.5653394700204,4.335256214815786,1.9727002e-12,2.8048414e-11,2.593824214743557,40.9631,-93.3925,2017-12-19 14:30:00,2017-12-26 14:30:00,2017-12-20,2017-12-27,4.6101,8.382,7 days 00:00:00
82,IA23,8.0,40.96133535935603,266.5653394700204,5.4459460607343395,2.1431747e-12,4.3116274e-11,3.910416329806765,40.9631,-93.3925,2018-05-22 14:00:00,2018-05-29 13:00:00,2018-05-23,2018-05-30,9.99744,10.414,7 days 00:00:00
83,IA23,9.0,40.96133535935603,266.5653394700204,3.7505082545630577,2.8001221e-12,1.1704365e-10,10.354501685759521,40.9631,-93.3925,2018-06-05 16:00:00,2018-06-12 13:30:00,2018-06-06,2018-06-13,37.07384,45.212,7 days 00:00:00
84,IA23,10.0,40.96133535935603,266.5653394700204,5.680793053516461,2.8252147e-12,1.2066181e-10,10.669279823308948,40.9631,-93.3925,2018-07-10 12:50:00,2018-07-17 13:10:00,2018-07-11,2018-07-18,7.71144,5.588,7 days 00:00:00
85,IA23,11.0,40.96133535935603,266.5653394700204,9.415283005455413,2.8180307e-12,2.428447e-10,21.225257987173094,40.9631,-93.3925,2018-08-21 12:55:00,2018-08-28 13:30:00,2018-08-22,2018-08-29,36.789359999999995,36.068,7 days 00:00:00
86,IA23,12.0,40.96133535935603,266.5653394700204,61.19674676487996,4.4198534e-12,8.979595e-11,8.140245165433324,40.9631,-93.3925,2018-10-02 14:00:00,2018-10-09 13:05:00,2018-10-03,2018-10-10,127.23875999999998,184.404,7 days 00:00:00
87,LA30,0.0,30.81117461030721,269.75415556368915,16.137982152046753,2.9180738e-12,3.26334e-11,3.0716474219130623,30.7819,-90.2021,2017-01-03 15:00:00,2017-01-10 15:00:00,2017-01-04,2017-01-11,12.268200000000002,26.67,7 days 00:00:00
88,LA30,1.0,30.81117461030721,269.75415556368915,5.3191122741629995,8.6384697e-13,1.31616e-11,1.2117985943859355,30.7819,-90.2021,2017-02-21 15:00:00,2017-02-28 15:00:00,2017-02-22,2017-03-01,13.411200000000001,33.528,7 days 00:00:00
89,LA30,2.0,30.81117461030721,269.75415556368915,18.421323837136683,7.874775e-12,1.381748e-10,12.618683537142516,30.7819,-90.2021,2017-03-21 14:00:00,2017-03-27 20:45:00,2017-03-22,2017-03-28,9.72312,14.732,6 days 00:00:00
90,LA30,3.0,30.81117461030721,269.75415556368915,4.455927749706645,1.6951635e-12,3.6368446e-11,3.288695921838114,30.7819,-90.2021,2017-04-18 14:00:00,2017-04-25 14:00:00,2017-04-19,2017-04-26,10.04062,14.986,7 days 00:00:00
91,LA30,4.0,30.81117461030721,269.75415556368915,137.75792269790088,1.447089e-11,2.1119681e-10,19.497690387226818,30.7819,-90.2021,2017-05-16 14:00:00,2017-05-23 14:00:00,2017-05-17,2017-05-24,75.8698,130.81,7 days 00:00:00
92,LA30,5.0,30.81117461030721,269.75415556368915,18.676424950359213,1.9472375e-12,7.485181e-11,6.635437914360651,30.7819,-90.2021,2017-06-13 14:00:00,2017-06-20 14:00:00,2017-06-14,2017-06-21,27.1018,27.94,7 days 00:00:00
93,LA30,6.0,30.81117461030721,269.75415556368915,7.254891386843099,2.7975406e-12,1.3259813e-10,11.698185470310207,30.7819,-90.2021,2017-07-11 14:00:00,2017-07-18 14:00:00,2017-07-12,2017-07-19,23.682959999999998,37.592,7 days 00:00:00
94,LA30,7.0,30.81117461030721,269.75415556368915,27.903800166234618,4.5688392e-12,1.4581766e-10,12.993393648519369,30.7819,-90.2021,2017-08-08 14:00:00,2017-08-15 14:00:00,2017-08-09,2017-08-16,28.818839999999998,47.244,7 days 00:00:00
95,LA30,8.0,30.81117461030721,269.75415556368915,8.909242798305073,4.54702e-12,1.9385178e-10,17.14165609456586,30.7819,-90.2021,2017-09-19 14:00:00,2017-09-26 14:00:00,2017-09-20,2017-09-27,20.447,11.684,7 days 00:00:00
96,LA30,9.0,30.81117461030721,269.75415556368915,39.313413577849246,1.6778438e-12,3.2410106e-11,2.945198819962359,30.7819,-90.2021,2017-10-03 14:00:00,2017-10-10 14:00:00,2017-10-04,2017-10-11,8.74776,21.336,7 days 00:00:00
97,LA30,10.0,30.81117461030721,269.75415556368915,9.455292718317196,2.3901983e-12,2.1265743e-11,2.0438732634878436,30.7819,-90.2021,2018-01-09 15:00:00,2018-01-16 15:00:00,2018-01-10,2018-01-17,13.784580000000002,20.574,7 days 00:00:00
98,LA30,11.0,30.81117461030721,269.75415556368915,101.48436555512674,3.3471648e-12,4.958917e-11,4.5736992922964985,30.7819,-90.2021,2018-02-06 15:00:00,2018-02-13 15:00:00,2018-02-07,2018-02-14,58.186319999999995,84.328,7 days 00:00:00
99,LA30,12.0,30.81117461030721,269.75415556368915,12.421996165333544,3.9293165e-12,9.161368e-11,8.254915209206237,30.7819,-90.2021,2018-03-13 14:00:00,2018-03-20 14:00:00,2018-03-14,2018-03-21,7.825740000000001,60.198,7 days 00:00:00
100,LA30,13.0,30.81117461030721,269.75415556368915,12.992083959861844,3.0962253e-12,5.656829e-11,5.155014249696212,30.7819,-90.2021,2018-04-03 14:00:00,2018-04-10 14:00:00,2018-04-04,2018-04-11,6.03504,50.292,7 days 00:00:00
101,LA30,14.0,30.81117461030721,269.75415556368915,39.6616651151413,5.713226e-12,1.4970677e-10,13.428288421837852,30.7819,-90.2021,2018-05-22 14:00:00,2018-05-29 14:00:00,2018-05-23,2018-05-30,48.00600000000001,44.45,7 days 00:00:00
102,LA30,15.0,30.81117461030721,269.75415556368915,4.682376006111628,3.0590706e-12,1.6547948e-10,14.561730277834473,30.7819,-90.2021,2018-06-05 14:00:00,2018-06-12 14:00:00,2018-06-06,2018-06-13,67.75704,89.154,7 days 00:00:00
103,LA30,16.0,30.81117461030721,269.75415556368915,23.78351829017411,4.1297465e-12,2.8414826e-10,24.907218600100922,30.7819,-90.2021,2018-07-10 14:00:00,2018-07-17 14:00:00,2018-07-11,2018-07-18,70.66026,71.374,7 days 00:00:00
104,LA30,17.0,30.81117461030721,269.75415556368915,5.803858185946843,9.412386e-13,3.2912534e-11,2.924965811089041,30.7819,-90.2021,2018-08-21 14:00:00,2018-08-28 14:00:00,2018-08-22,2018-08-29,34.848800000000004,35.56,7 days 00:00:00
105,LA30,18.0,30.81117461030721,269.75415556368915,131.9413561039262,6.567704e-12,2.103869e-10,18.744878049758995,30.7819,-90.2021,2018-09-18 14:00:00,2018-09-25 14:00:00,2018-09-19,2018-09-26,18.288,15.24,7 days 00:00:00
106,LA30,19.0,30.81117461030721,269.75415556368915,6.1907441836158945,1.3964772e-12,1.7914198e-11,1.6684423182296253,30.7819,-90.2021,2018-10-09 14:00:00,2018-10-16 14:00:00,2018-10-10,2018-10-17,26.34996,46.228,7 days 00:00:00
107,LA30,20.0,30.81117461030721,269.75415556368915,6.38120613345563,1.9676327e-12,1.860575e-11,1.7775403544154824,30.7819,-90.2021,2018-11-20 15:00:00,2018-11-27 15:00:00,2018-11-21,2018-11-28,5.207,10.414,7 days 00:00:00
108,ME09,0.0,45.42018985737933,290.4215282357413,19.199829991478623,1.701862e-12,1.732542e-11,1.6439572820235726,45.4891,-69.6647,2017-01-10 17:30:00,2017-01-17 16:40:00,2017-01-11,2017-01-18,7.2009,20.574,7 days 00:00:00
109,ME09,1.0,45.42018985737933,290.4215282357413,21.485280684174768,2.7049905e-12,3.3771968e-11,3.151609232962538,45.4891,-69.6647,2017-02-23 17:00:00,2017-02-28 15:15:00,2017-02-24,2017-03-01,5.6388,18.796,5 days 00:00:00
110,ME09,2.0,45.42018985737933,290.4215282357413,16.416689913253958,2.795349e-12,3.407175e-11,3.1853171867582555,45.4891,-69.6647,2017-03-21 15:30:00,2017-03-28 15:20:00,2017-03-22,2017-03-29,8.10768,14.224,7 days 00:00:00
111,ME09,3.0,45.42018985737933,290.4215282357413,35.205511747449236,2.5001561e-12,3.372649e-11,3.129982111665095,45.4891,-69.6647,2017-04-18 14:16:00,2017-04-25 14:55:00,2017-04-19,2017-04-26,12.016739999999999,21.082,7 days 00:00:00
112,ME09,4.0,45.42018985737933,290.4215282357413,42.956327500265346,2.7100058e-12,3.481352e-11,3.242032575604195,45.4891,-69.6647,2017-05-09 15:40:00,2017-05-16 15:30:00,2017-05-10,2017-05-17,27.5209,50.038,7 days 00:00:00
113,ME09,5.0,45.42018985737933,290.4215282357413,43.77259331589251,6.1412763e-12,2.8274444e-10,24.959725253032722,45.4891,-69.6647,2017-06-13 16:15:00,2017-06-20 15:30:00,2017-06-14,2017-06-21,35.79876,44.196,7 days 00:00:00
114,ME09,6.0,45.42018985737933,290.4215282357413,27.295306916097495,4.610313e-12,2.3751479e-10,20.91960750877364,45.4891,-69.6647,2017-07-11 14:55:00,2017-07-18 15:23:00,2017-07-12,2017-07-19,46.79442,52.578,7 days 00:00:00
115,ME09,7.0,45.42018985737933,290.4215282357413,24.61364382820852,5.5536175e-12,2.0662677e-10,18.332385022523656,45.4891,-69.6647,2017-08-08 14:55:00,2017-08-15 15:35:00,2017-08-09,2017-08-16,15.646400000000002,7.112,7 days 00:00:00
116,ME09,8.0,45.42018985737933,290.4215282357413,65.19785272737776,1.2599583e-11,3.8480835e-10,34.3360449989033,45.4891,-69.6647,2017-09-05 13:55:00,2017-09-12 13:50:00,2017-09-06,2017-09-13,63.032639999999994,33.528,7 days 00:00:00
117,ME09,9.0,45.42018985737933,290.4215282357413,36.934851166314786,3.9051336e-12,4.733573e-11,4.427210535161235,45.4891,-69.6647,2017-11-14 16:15:00,2017-11-21 16:00:00,2017-11-15,2017-11-22,10.0584,18.288,7 days 00:00:00
118,ME09,10.0,45.42018985737933,290.4215282357413,38.85479502565032,2.307259e-12,2.3625513e-11,2.240591534963948,45.4891,-69.6647,2017-12-19 17:00:00,2017-12-27 15:35:00,2017-12-20,2017-12-28,35.052,38.1,8 days 00:00:00
119,ME09,11.0,45.42018985737933,290.4215282357413,37.04181115598004,3.6820495e-12,4.2059158e-11,3.9520403918164027,45.4891,-69.6647,2018-01-02 16:30:00,2018-01-09 16:25:00,2018-01-03,2018-01-10,19.6596,43.688,7 days 00:00:00
120,ME09,12.0,45.42018985737933,290.4215282357413,31.66599367041556,7.449276e-12,8.310416e-11,7.823817175605189,45.4891,-69.6647,2018-02-06 16:22:00,2018-02-13 15:50:00,2018-02-07,2018-02-14,11.823699999999999,24.13,7 days 00:00:00
121,ME09,13.0,45.42018985737933,290.4215282357413,25.144228018981412,2.427769e-13,3.3537212e-12,0.31073743146960575,45.4891,-69.6647,2018-03-13 13:15:00,2018-03-20 16:00:00,2018-03-14,2018-03-21,11.531600000000001,57.658,7 days 00:00:00
122,ME09,14.0,45.42018985737933,290.4215282357413,17.8345470721597,3.5391366e-12,4.3179307e-11,4.0364736225359525,45.4891,-69.6647,2018-04-03 15:20:00,2018-04-10 15:05:00,2018-04-04,2018-04-11,1.0922,21.844,7 days 00:00:00
123,ME09,15.0,45.42018985737933,290.4215282357413,19.31407728979229,4.9088624e-12,2.0690144e-10,18.300411280877498,45.4891,-69.6647,2018-07-10 14:41:00,2018-07-17 15:15:00,2018-07-11,2018-07-18,17.87398,7.874,7 days 00:00:00
124,ME09,16.0,45.42018985737933,290.4215282357413,34.253102008574565,4.533013e-12,1.7894666e-10,15.852644556821515,45.4891,-69.6647,2018-08-21 15:55:00,2018-08-28 14:05:00,2018-08-22,2018-08-29,5.7912,5.08,7 days 00:00:00
125,ME09,17.0,45.42018985737933,290.4215282357413,4.431252225081672,1.7490189e-12,4.4992524e-11,4.038469212124483,45.4891,-69.6647,2018-09-18 14:45:00,2018-09-25 14:35:00,2018-09-19,2018-09-26,13.070839999999999,15.748,7 days 00:00:00
126,ME09,18.0,45.42018985737933,290.4215282357413,31.194839334069968,2.9046353e-12,7.064625e-11,6.354796826259742,45.4891,-69.6647,2018-10-02 15:40:00,2018-10-09 16:35:00,2018-10-03,2018-10-10,16.847820000000002,17.018,7 days 00:00:00
127,ME09,19.0,45.42018985737933,290.4215282357413,1.7603799924852201,4.9169935e-13,4.4961274e-12,0.43094821244328196,45.4891,-69.6647,2018-12-11 17:05:00,2018-12-18 16:50:00,2018-12-12,2018-12-19,7.934959999999999,18.034,7 days 00:00:00
128,MN32,0.0,48.441205370559686,267.1291152112047,5.774846508987963,1.3935721e-12,1.6940033e-11,1.584023437417592,48.4132,-92.8305,2017-01-03 20:00:00,2017-01-10 17:15:00,2017-01-04,2017-01-11,2.11328,6.604,7 days 00:00:00
129,MN32,1.0,48.441205370559686,267.1291152112047,8.888889442967562,2.753631e-12,3.0125513e-11,2.840758095668789,48.4132,-92.8305,2017-03-14 15:45:00,2017-03-21 15:00:00,2017-03-15,2017-03-22,6.4389,9.906,7 days 00:00:00
130,MN32,2.0,48.441205370559686,267.1291152112047,17.141070273773984,2.7373164e-12,3.0762472e-11,2.894381761366401,48.4132,-92.8305,2017-04-11 14:30:00,2017-04-18 14:00:00,2017-04-12,2017-04-19,7.239,7.62,7 days 00:00:00
131,MN32,3.0,48.441205370559686,267.1291152112047,63.643148973291375,3.5267152e-12,7.169177e-11,6.498877207331043,48.4132,-92.8305,2017-05-15 14:45:00,2017-05-23 14:45:00,2017-05-16,2017-05-24,13.983970000000001,15.367,8 days 00:00:00
132,MN32,4.0,48.441205370559686,267.1291152112047,9.875620203353419,8.502195e-13,3.1669202e-11,2.8096781073613797,48.4132,-92.8305,2017-06-13 16:00:00,2017-06-20 14:50:00,2017-06-14,2017-06-21,37.9476,42.164,7 days 00:00:00
133,MN32,5.0,48.441205370559686,267.1291152112047,10.93360852800207,2.9205158e-12,1.19455e-10,10.573245033798864,48.4132,-92.8305,2017-07-11 17:30:00,2017-07-18 16:20:00,2017-07-12,2017-07-19,21.717,9.652,7 days 00:00:00
134,MN32,6.0,48.441205370559686,267.1291152112047,57.16801162398699,6.060339e-12,1.8542864e-10,16.544648363814307,48.4132,-92.8305,2017-08-08 16:35:00,2017-08-16 16:30:00,2017-08-09,2017-08-17,21.24964,22.606,8 days 00:00:00
135,MN32,7.0,48.441205370559686,267.1291152112047,13.084871368918005,3.8159215e-12,1.2562858e-10,11.18400464686323,48.4132,-92.8305,2017-09-12 15:30:00,2017-09-19 21:00:00,2017-09-13,2017-09-20,16.03756,19.558,7 days 00:00:00
136,MN32,8.0,48.441205370559686,267.1291152112047,10.676275301971673,1.3939982e-12,1.855599e-11,1.723678917371456,48.4132,-92.8305,2018-01-09 19:00:00,2018-01-16 20:15:00,2018-01-10,2018-01-17,6.614159999999999,10.668,7 days 00:00:00
137,MN32,9.0,48.441205370559686,267.1291152112047,13.312450746982494,4.2251454e-12,4.6235512e-11,4.359800708327834,48.4132,-92.8305,2018-03-20 16:45:00,2018-03-27 17:15:00,2018-03-21,2018-03-28,5.0165,20.066,7 days 00:00:00
138,MN32,10.0,48.441205370559686,267.1291152112047,1.1536054322209415,6.046621e-13,1.1029397e-11,1.0051827001923053,48.4132,-92.8305,2018-05-08 17:45:00,2018-05-16 17:45:00,2018-05-09,2018-05-17,26.29836,19.923,8 days 00:00:00
139,MN32,11.0,48.441205370559686,267.1291152112047,4.971131932284185,6.053444e-12,7.7185196e-11,7.191818874219132,48.4132,-92.8305,2018-07-10 11:30:00,2018-07-17 10:00:00,2018-07-10,2018-07-17,17.4879,11.43,7 days 00:00:00
140,MN32,12.0,48.441205370559686,267.1291152112047,55.81379953237889,7.45726e-12,2.3197333e-10,20.68680317378422,48.4132,-92.8305,2018-08-22 11:00:00,2018-08-28 10:45:00,2018-08-22,2018-08-28,74.01559999999999,39.37,6 days 00:00:00
141,MN32,13.0,48.441205370559686,267.1291152112047,35.27103509100016,4.2571866e-12,6.634528e-11,6.100053597402761,48.4132,-92.8305,2018-10-02 10:45:00,2018-10-09 11:00:00,2018-10-02,2018-10-09,12.7,25.4,7 days 00:00:00
142,MT05,0.0,48.542409999820215,246.05839982222324,16.29315020571509,1.0336248e-12,9.802043e-12,0.9362016766010572,48.5102,-113.997,2017-01-03 16:46:00,2017-01-10 18:16:00,2017-01-04,2017-01-11,8.425180000000001,27.178,7 days 00:00:00
143,MT05,1.0,48.542409999820215,246.05839982222324,15.412240180640024,1.7943693e-12,1.9802274e-11,1.8659500991211053,48.5102,-113.997,2017-02-21 14:05:00,2017-03-01 01:50:00,2017-02-22,2017-03-01,4.29514,22.606,7 days 00:00:00
144,MT05,2.0,48.542409999820215,246.05839982222324,20.086862721946375,2.2739501e-12,2.3256497e-11,2.2058306540714834,48.5102,-113.997,2017-03-21 14:33:00,2017-03-28 17:45:00,2017-03-22,2017-03-29,18.21434,25.654,7 days 00:00:00
145,MT05,3.0,48.542409999820215,246.05839982222324,16.32782539428557,3.1887127e-12,4.1208644e-11,3.835931606729903,48.5102,-113.997,2017-04-18 23:30:00,2017-04-25 16:35:00,2017-04-19,2017-04-26,27.8511,32.766,7 days 00:00:00
146,MT05,4.0,48.542409999820215,246.05839982222324,22.674681530787666,2.1883118e-12,4.741431e-11,4.285666475607047,48.5102,-113.997,2017-06-13 17:15:00,2017-06-20 12:27:00,2017-06-14,2017-06-21,36.37788,58.674,7 days 00:00:00
147,MT05,5.0,48.542409999820215,246.05839982222324,17.994035147106402,3.5874379e-12,1.2127234e-10,10.787884790237669,48.5102,-113.997,2017-09-12 17:12:00,2017-09-19 15:32:00,2017-09-13,2017-09-20,21.21408,12.192,7 days 00:00:00
148,MT05,6.0,48.542409999820215,246.05839982222324,6.8655952167429035,1.4921861e-12,1.5298844e-11,1.4507449528693455,48.5102,-113.997,2017-10-03 20:09:00,2017-10-09 14:55:00,2017-10-04,2017-10-10,3.9116,5.588,6 days 00:00:00
149,MT05,7.0,48.542409999820215,246.05839982222324,37.959263831410794,4.14253e-12,5.4424944e-11,5.0602299077990525,48.5102,-113.997,2017-11-15 01:40:00,2017-11-22 23:30:00,2017-11-15,2017-11-23,21.96592,47.752,8 days 00:00:00
150,MT05,8.0,48.542409999820215,246.05839982222324,34.39862558476392,1.7388813e-12,2.2913019e-11,2.1299241652330685,48.5102,-113.997,2017-12-12 14:37:00,2017-12-19 15:45:00,2017-12-13,2017-12-20,8.4455,33.782,7 days 00:00:00
151,MT05,9.0,48.542409999820215,246.05839982222324,18.96851585288517,1.3082878e-12,1.1736167e-11,1.127040846855395,48.5102,-113.997,2018-01-09 18:30:00,2018-01-16 20:36:00,2018-01-10,2018-01-17,37.77488,42.926,7 days 00:00:00
152,MT05,10.0,48.542409999820215,246.05839982222324,25.151545432760408,2.7541019e-12,6.357227e-11,5.730598826916841,48.5102,-113.997,2018-05-22 16:58:00,2018-05-29 13:46:00,2018-05-23,2018-05-30,7.6454,17.78,7 days 00:00:00
153,MT05,11.0,48.542409999820215,246.05839982222324,9.225970072712641,1.5836244e-12,2.7713568e-11,2.531277262542261,48.5102,-113.997,2018-06-05 15:39:00,2018-06-13 03:05:00,2018-06-06,2018-06-13,15.65148,20.066,7 days 00:00:00
154,MT05,12.0,48.542409999820215,246.05839982222324,8.541182047896406,1.5327162e-12,9.088e-11,7.9844584038174515,48.5102,-113.997,2018-07-24 18:08:00,2018-08-01 14:33:00,2018-07-25,2018-08-02,33.185100000000006,9.906,8 days 00:00:00
155,MT05,13.0,48.542409999820215,246.05839982222324,11.065495338824507,2.9050603e-12,4.984337e-11,4.557464308821728,48.5102,-113.997,2018-09-18 19:04:00,2018-09-25 18:23:00,2018-09-19,2018-09-26,9.314179999999999,4.826,7 days 00:00:00
156,MT05,14.0,48.542409999820215,246.05839982222324,10.980853794942533,1.7483612e-12,3.0850992e-11,2.8165841441077086,48.5102,-113.997,2018-10-02 17:14:00,2018-10-09 18:58:00,2018-10-03,2018-10-10,12.827,12.7,7 days 00:00:00
157,MT05,15.0,48.542409999820215,246.05839982222324,11.350181284441874,1.1987877e-12,1.44041e-11,1.3480895710990353,48.5102,-113.997,2018-11-20 12:42:00,2018-11-27 13:59:00,2018-11-21,2018-11-28,3.40868,2.794,7 days 00:00:00
158,MT05,16.0,48.542409999820215,246.05839982222324,13.938911944677557,1.299562e-12,1.7584082e-11,1.6315468647984388,48.5102,-113.997,2018-12-11 14:03:00,2018-12-18 13:21:00,2018-12-12,2018-12-19,9.7799,15.046,7 days 00:00:00
159,ND00,0.0,46.862622968440725,256.5688622679594,48.60575451086646,1.1961612e-11,3.7728937e-10,33.63128508981161,46.8951,-103.378,2017-09-12 14:00:00,2017-09-19 14:15:00,2017-09-13,2017-09-20,60.75426,51.054,7 days 00:00:00
160,ND00,1.0,46.862622968440725,256.5688622679594,16.4279655973076,4.132073e-12,5.4203104e-11,5.040159386655724,46.8951,-103.378,2018-03-13 15:11:00,2018-03-20 16:07:00,2018-03-14,2018-03-21,4.10718,19.558,7 days 00:00:00
161,ND00,2.0,46.862622968440725,256.5688622679594,13.454849255599168,1.8598972e-12,2.5996882e-11,2.4068257815734633,46.8951,-103.378,2018-04-17 16:10:00,2018-04-24 17:59:00,2018-04-18,2018-04-25,3.2766,7.62,7 days 00:00:00
162,ND00,3.0,46.862622968440725,256.5688622679594,24.48402161360913,4.0732175e-12,7.9341575e-11,7.207038683465928,46.8951,-103.378,2018-05-22 23:00:00,2018-05-30 01:00:00,2018-05-23,2018-05-30,6.86972,13.211,7 days 00:00:00
163,ND00,4.0,46.862622968440725,256.5688622679594,18.851737501111963,3.0029596e-12,9.622914e-11,8.573653532527167,46.8951,-103.378,2018-06-05 20:30:00,2018-06-12 20:00:00,2018-06-06,2018-06-13,13.0302,24.13,7 days 00:00:00
164,ND00,5.0,46.862622968440725,256.5688622679594,7.088763707323958,1.4840507e-12,4.0998073e-11,3.670455556085622,46.8951,-103.378,2018-07-17 18:30:00,2018-07-24 15:00:00,2018-07-18,2018-07-25,30.655260000000002,20.574,7 days 00:00:00
165,ND00,6.0,46.862622968440725,256.5688622679594,29.67998681999974,8.196961e-12,2.6921645e-10,23.96851956597279,46.8951,-103.378,2018-08-21 14:30:00,2018-08-28 19:15:00,2018-08-22,2018-08-29,21.541739999999997,8.382,7 days 00:00:00
166,ND00,7.0,46.862622968440725,256.5688622679594,11.459759183196638,2.5053403e-12,7.472461e-11,6.6726671152770445,46.8951,-103.378,2018-09-18 17:30:00,2018-09-25 18:15:00,2018-09-19,2018-09-26,20.5105,21.59,7 days 00:00:00
167,ND00,8.0,46.862622968440725,256.5688622679594,15.226341250240694,1.6155274e-12,2.2861437e-11,2.114809594131806,46.8951,-103.378,2018-10-02 16:30:00,2018-10-09 18:30:00,2018-10-03,2018-10-10,5.5200000000000005,6.0,7 days 00:00:00
168,NV05,0.0,39.027717985572956,245.75284804161825,9.226810395942392,4.6887076e-13,4.068048e-12,0.3919897701841913,39.0054,-114.217,2017-01-03 22:00:00,2017-01-10 20:30:00,2017-01-04,2017-01-11,7.48792,34.036,7 days 00:00:00
169,NV05,1.0,39.027717985572956,245.75284804161825,1.5502778333065237,2.053648e-12,1.7846656e-11,1.7193863048169806,39.0054,-114.217,2017-02-21 23:00:00,2017-02-28 17:15:00,2017-02-22,2017-03-01,5.08,12.7,7 days 00:00:00
170,NV05,2.0,39.027717985572956,245.75284804161825,25.68268499849591,2.6964828e-12,2.263452e-11,2.1885985211633763,39.0054,-114.217,2017-03-21 16:08:00,2017-03-28 18:30:00,2017-03-22,2017-03-29,15.42288,33.528,7 days 00:00:00
171,NV05,3.0,39.027717985572956,245.75284804161825,5.5098399457860445,5.7417623e-13,4.1476657e-12,0.4079671289687483,39.0054,-114.217,2017-11-14 18:05:00,2017-11-21 17:09:00,2017-11-15,2017-11-22,4.848859999999999,5.842,7 days 00:00:00
172,NV05,4.0,39.027717985572956,245.75284804161825,14.887648301353806,1.5721025e-12,1.599848e-11,1.518098275701211,39.0054,-114.217,2018-03-13 21:45:00,2018-03-20 17:30:00,2018-03-14,2018-03-21,0.8763000000000001,17.526,7 days 00:00:00
173,NV05,5.0,39.027717985572956,245.75284804161825,15.334385202427255,1.854558e-12,1.9737517e-11,1.8655552173619778,39.0054,-114.217,2018-04-03 16:56:00,2018-04-10 16:51:00,2018-04-04,2018-04-11,3.4671,5.334,7 days 00:00:00
174,NV05,6.0,39.027717985572956,245.75284804161825,1.4768974553663587,5.7868224e-12,3.8571357e-10,33.825633793949095,39.0054,-114.217,2018-07-10 17:45:00,2018-07-17 17:11:00,2018-07-11,2018-07-18,48.6156,13.97,7 days 00:00:00
175,NV05,7.0,39.027717985572956,245.75284804161825,4.183745849574449,9.868549e-12,3.9683376e-10,35.139080754423986,39.0054,-114.217,2018-08-14 17:30:00,2018-08-21 17:30:00,2018-08-15,2018-08-22,40.67302,17.018,7 days 00:00:00
176,NV05,8.0,39.027717985572956,245.75284804161825,16.97481135174428,2.8899528e-12,3.115631e-11,2.9415971689733533,39.0054,-114.217,2018-10-02 18:00:00,2018-10-09 22:44:00,2018-10-03,2018-10-10,37.16496,51.618,7 days 00:00:00
177,OK00,0.0,36.730554631775554,261.8298321453013,14.382925682704501,1.7877908e-12,3.338274e-11,3.0387340302034143,36.7863,-98.18,2017-02-14 12:44:00,2017-02-21 21:55:00,2017-02-15,2017-02-22,10.69848,27.432,7 days 00:00:00
178,OK00,1.0,36.730554631775554,261.8298321453013,38.10896711358147,9.503473e-12,1.8441214e-10,16.754309003791608,36.7863,-98.18,2017-04-25 12:35:00,2017-05-02 13:35:00,2017-04-26,2017-05-03,21.96592,47.752,7 days 00:00:00
179,OK00,2.0,36.730554631775554,261.8298321453013,62.354936427271504,7.010816e-12,1.8729567e-10,16.78808009922825,36.7863,-98.18,2017-05-16 12:16:00,2017-05-23 12:03:00,2017-05-17,2017-05-24,57.912000000000006,76.2,7 days 00:00:00
180,OK00,3.0,36.730554631775554,261.8298321453013,6.993390523273133,1.0679267e-12,5.731355e-11,5.044159530027536,36.7863,-98.18,2017-06-20 12:20:00,2017-06-27 12:12:00,2017-06-21,2017-06-28,4.61518,5.842,7 days 00:00:00
181,OK00,4.0,36.730554631775554,261.8298321453013,0.000849265225975766,2.7888785e-16,1.2647813e-14,0.0011168669647677871,36.7863,-98.18,2017-07-18 12:15:00,2017-07-25 12:30:00,2017-07-19,2017-07-26,13.70076,14.732,7 days 00:00:00
182,OK00,5.0,36.730554631775554,261.8298321453013,27.362112840577378,5.3142404e-12,2.031839e-10,18.014239848472734,36.7863,-98.18,2017-08-08 12:15:00,2017-08-15 11:48:00,2017-08-09,2017-08-15,72.0471,118.11,6 days 00:00:00
183,OK00,6.0,36.730554631775554,261.8298321453013,15.511959145777416,2.3812074e-12,2.9821413e-11,2.7823062104248564,36.7863,-98.18,2017-10-03 12:28:00,2017-10-10 12:43:00,2017-10-04,2017-10-11,16.428720000000002,24.892,7 days 00:00:00
184,OK00,7.0,36.730554631775554,261.8298321453013,9.024163940907215,7.7455566e-13,8.582173e-12,0.8084213396288797,36.7863,-98.18,2018-02-13 14:10:00,2018-02-20 21:13:00,2018-02-14,2018-02-21,6.83514,29.718,7 days 00:00:00
185,OK00,8.0,36.730554631775554,261.8298321453013,1.016611958640627,2.0974826e-12,7.239172e-11,6.435866879406381,36.7863,-98.18,2018-05-22 12:10:00,2018-05-29 12:55:00,2018-05-23,2018-05-30,50.530759999999994,51.562,7 days 00:00:00
186,OK00,9.0,36.730554631775554,261.8298321453013,0.1654622699666046,4.4363834e-13,1.39272135e-11,1.2416416631671774,36.7863,-98.18,2018-06-06 14:25:00,2018-06-12 12:45:00,2018-06-07,2018-06-13,53.987700000000004,49.53,6 days 00:00:00
187,OK00,10.0,36.730554631775554,261.8298321453013,0.2782023935596782,3.5284313e-13,1.2648999e-11,1.123359241663336,36.7863,-98.18,2018-07-10 12:00:00,2018-07-17 12:08:00,2018-07-11,2018-07-18,15.3543,23.622,7 days 00:00:00
188,OK00,11.0,36.730554631775554,261.8298321453013,0.018425041552940655,6.3170313e-13,4.485708e-11,3.930230676836888,36.7863,-98.18,2018-08-21 12:55:00,2018-08-28 13:10:00,2018-08-22,2018-08-29,24.08855,15.541,7 days 00:00:00
189,OK00,12.0,36.730554631775554,261.8298321453013,5.457193807252858,2.1017485e-13,5.9306423e-12,0.5305665957353535,36.7863,-98.18,2018-09-18 12:12:00,2018-09-25 11:57:00,2018-09-19,2018-09-25,5.34492,6.363,6 days 00:00:00
190,OK00,13.0,36.730554631775554,261.8298321453013,25.653723938557413,2.526843e-12,5.861947e-11,5.283041691617196,36.7863,-98.18,2018-10-02 12:28:00,2018-10-08 13:10:00,2018-10-03,2018-10-09,52.837199999999996,132.093,6 days 00:00:00
191,TF,43.0,43.13684822185377,289.03837500085547,26.714934737981366,2.8532718e-13,3.056505e-12,0.2887343005311682,43.108,-70.95,2016-12-27 00:00:00,2017-01-03 00:00:00,2016-12-27,2017-01-03,12.7348,40.3,7 days 00:00:00
192,TF,44.0,43.13684822185377,289.03837500085547,36.08932747525273,1.5127959e-12,1.6780596e-11,1.5805490244727438,43.108,-70.95,2017-01-03 00:00:00,2017-01-11 00:00:00,2017-01-03,2017-01-11,7.701,30.2,8 days 00:00:00
193,TF,45.0,43.13684822185377,289.03837500085547,9.492023563101304,1.0538651e-12,1.150742e-11,1.0852950509118482,43.108,-70.95,2017-01-11 00:00:00,2017-01-17 00:00:00,2017-01-11,2017-01-17,2.295,1.8,6 days 00:00:00
194,TF,46.0,43.13684822185377,289.03837500085547,13.803815240454043,2.0740484e-12,2.6295723e-11,2.451148173104531,43.108,-70.95,2017-01-17 00:00:00,2017-01-24 00:00:00,2017-01-17,2017-01-24,19.422,39.0,7 days 00:00:00
195,TF,47.0,43.13684822185377,289.03837500085547,51.57420757182507,4.255357e-12,4.9369255e-11,4.633166327738028,43.108,-70.95,2017-01-24 00:00:00,2017-02-07 00:00:00,2017-01-24,2017-02-07,29.156200000000002,7.3,14 days 00:00:00
196,TF,48.0,43.13684822185377,289.03837500085547,67.21026229001836,4.98614e-12,5.914073e-11,5.540561291011992,43.108,-70.95,2017-02-07 00:00:00,2017-02-14 00:00:00,2017-02-07,2017-02-14,57.153600000000004,72.9,7 days 00:00:00
197,TF,49.0,43.13684822185377,289.03837500085547,29.637328825353297,1.5448513e-12,1.5484784e-11,1.4713604078103268,43.108,-70.95,2017-02-14 00:00:00,2017-02-21 00:00:00,2017-02-14,2017-02-21,37.0755,16.5,7 days 00:00:00
198,TF,50.0,43.13684822185377,289.03837500085547,8.415888903551892,1.9893937e-12,2.6744463e-11,2.4826052170566406,43.108,-70.95,2017-02-21 00:00:00,2017-02-28 00:00:00,2017-02-21,2017-02-28,10.3368,11.8,7 days 00:00:00
199,TF,51.0,43.13684822185377,289.03837500085547,27.254567117012453,6.526296e-12,8.054514e-11,7.522971893779936,43.108,-70.95,2017-02-28 00:00:00,2017-03-13 00:00:00,2017-02-28,2017-03-13,53.6334,7.1,13 days 00:00:00
200,TF,52.0,43.13684822185377,289.03837500085547,37.5615148718836,5.4345573e-12,9.005261e-11,8.250091266039187,43.108,-70.95,2017-03-21 00:00:00,2017-03-28 00:00:00,2017-03-21,2017-03-28,22.064,28.0,7 days 00:00:00
201,TF,53.0,43.13684822185377,289.03837500085547,43.25512621203842,4.996464e-12,6.626366e-11,6.156874987236506,43.108,-70.95,2017-03-28 00:00:00,2017-04-04 00:00:00,2017-03-28,2017-04-04,25.990999999999996,55.3,7 days 00:00:00
202,TF,54.0,43.13684822185377,289.03837500085547,65.67121532334852,5.770275e-12,7.498166e-11,6.976967250361683,43.108,-70.95,2017-04-04 00:00:00,2017-04-11 00:00:00,2017-04-04,2017-04-11,21.1098,45.3,7 days 00:00:00
203,TF,55.0,43.13684822185377,289.03837500085547,14.488582052507581,2.305139e-12,4.9842696e-11,4.505572911719477,43.108,-70.95,2017-04-11 00:00:00,2017-04-18 00:00:00,2017-04-11,2017-04-18,16.944,6.0,7 days 00:00:00
204,TF,56.0,43.13684822185377,289.03837500085547,36.36074356575536,2.1288685e-12,2.9009666e-11,2.6903694853199758,43.108,-70.95,2017-04-18 00:00:00,2017-04-25 00:00:00,2017-04-18,2017-04-25,23.5108,21.2,7 days 00:00:00
205,TF,57.0,43.13684822185377,289.03837500085547,57.83048819978376,3.6125374e-12,6.4798264e-11,5.910693192702487,43.108,-70.95,2017-04-25 00:00:00,2017-05-02 00:00:00,2017-04-25,2017-05-02,32.7172,52.6,7 days 00:00:00
206,TF,58.0,43.13684822185377,289.03837500085547,42.75790265531043,7.2518627e-12,1.06214544e-10,9.80349749504783,43.108,-70.95,2017-05-02 00:00:00,2017-05-09 00:00:00,2017-05-02,2017-05-09,15.595099999999999,27.7,7 days 00:00:00
207,TF,59.0,43.13684822185377,289.03837500085547,35.333209729762615,1.7054276e-12,2.1493415e-11,2.0043799994762246,43.108,-70.95,2017-05-09 00:00:00,2017-05-16 00:00:00,2017-05-09,2017-05-16,122.30879999999999,49.8,7 days 00:00:00
208,TF,60.0,43.13684822185377,289.03837500085547,8.568973702592631,2.5315154e-12,6.3086064e-11,5.669359003226667,43.108,-70.95,2017-05-16 00:00:00,2017-05-23 00:00:00,2017-05-16,2017-05-23,27.8718,12.3,7 days 00:00:00
209,TF,61.0,43.13684822185377,289.03837500085547,27.506406183526455,2.0231e-12,3.1099314e-11,2.8617764806962294,43.108,-70.95,2017-05-23 00:00:00,2017-05-30 00:00:00,2017-05-23,2017-05-30,150.14690000000002,34.7,7 days 00:00:00
210,TF,62.0,43.13684822185377,289.03837500085547,16.40146675754295,4.926207e-12,9.3043365e-11,8.464570881716593,43.108,-70.95,2017-05-30 00:00:00,2017-06-06 00:00:00,2017-05-30,2017-06-06,32.4049,33.1,7 days 00:00:00
211,TF,63.0,43.13684822185377,289.03837500085547,11.69090144908392,3.439815e-12,9.1372916e-11,8.191819623461758,43.108,-70.95,2017-06-06 00:00:00,2017-06-20 00:00:00,2017-06-06,2017-06-20,18.6714,20.7,14 days 00:00:00
212,TF,64.0,43.13684822185377,289.03837500085547,13.069747238357579,2.4481736e-12,8.153752e-11,7.256363773917862,43.108,-70.95,2017-06-20 00:00:00,2017-06-27 00:00:00,2017-06-20,2017-06-27,5.156,2.0,7 days 00:00:00
213,TF,65.0,43.13684822185377,289.03837500085547,54.76505696218604,7.460497e-12,2.2286004e-10,19.89969446959325,43.108,-70.95,2017-06-27 00:00:00,2017-07-11 00:00:00,2017-06-27,2017-07-11,98.06639999999999,17.4,14 days 00:00:00
214,TF,66.0,43.13684822185377,289.03837500085547,35.51955592091538,1.0611069e-11,3.557377e-10,31.652531243112936,43.108,-70.95,2017-07-11 00:00:00,2017-07-18 00:00:00,2017-07-11,2017-07-18,56.77419999999999,10.7,7 days 00:00:00
215,TF,67.0,43.13684822185377,289.03837500085547,10.242746824751327,5.9544843e-12,1.8504079e-10,16.501992014670478,43.108,-70.95,2017-07-18 00:00:00,2017-07-25 00:00:00,2017-07-18,2017-07-25,32.549,26.9,7 days 00:00:00
216,TF,68.0,43.13684822185377,289.03837500085547,26.903059328383875,9.2177125e-12,2.7236596e-10,24.328828545948507,43.108,-70.95,2017-07-25 00:00:00,2017-08-07 00:00:00,2017-07-25,2017-08-07,1.651,1.3,13 days 00:00:00
217,TF,69.0,43.13684822185377,289.03837500085547,20.06593351780864,2.7507358e-12,8.949446e-11,7.969984581312338,43.108,-70.95,2017-08-15 00:00:00,2017-08-22 00:00:00,2017-08-15,2017-08-22,38.4245,33.5,7 days 00:00:00
218,TF,70.0,43.13684822185377,289.03837500085547,0.8057905201336313,3.3205516e-13,1.5502306e-11,1.368088800588756,43.108,-70.95,2017-08-22 00:00:00,2017-08-29 00:00:00,2017-08-22,2017-08-29,25.821399999999997,24.2,7 days 00:00:00
219,TF,71.0,43.13684822185377,289.03837500085547,20.701710933116395,2.0498685e-12,4.2624883e-11,3.8598986416634045,43.108,-70.95,2017-08-29 00:00:00,2017-09-05 00:00:00,2017-08-29,2017-09-05,10.672900000000002,19.3,7 days 00:00:00
220,TF,72.0,43.13684822185377,289.03837500085547,35.974069829238005,5.879303e-12,1.7500772e-10,15.628638486229647,43.108,-70.95,2017-09-05 00:00:00,2017-09-12 00:00:00,2017-09-05,2017-09-12,56.1264,52.8,7 days 00:00:00
221,TF,73.0,43.13684822185377,289.03837500085547,3.207480426071988,2.0610655e-12,6.2818896e-11,5.605628892811245,43.108,-70.95,2017-09-12 00:00:00,2017-09-19 00:00:00,2017-09-12,2017-09-19,166.56440000000003,16.6,7 days 00:00:00
222,TF,74.0,43.13684822185377,289.03837500085547,13.968262418876293,1.4636622e-12,2.5652437e-11,2.34283089491083,43.108,-70.95,2017-09-19 00:00:00,2017-09-26 00:00:00,2017-09-19,2017-09-26,4.2874,1.7,7 days 00:00:00
223,TF,75.0,43.13684822185377,289.03837500085547,12.015728051886962,1.1033165e-12,1.6063708e-11,1.4832309112728714,43.108,-70.95,2017-09-26 00:00:00,2017-10-03 00:00:00,2017-09-26,2017-10-03,2.938,2.0,7 days 00:00:00
224,TF,76.0,43.13684822185377,289.03837500085547,21.730348892120418,7.275595e-13,9.7594224e-12,0.9060751912719299,43.108,-70.95,2017-10-03 00:00:00,2017-10-10 00:00:00,2017-10-03,2017-10-10,29.8832,30.4,7 days 00:00:00
225,TF,77.0,43.13684822185377,289.03837500085547,124.19018888401392,4.9902764e-12,4.3046396e-11,4.150368591247341,43.108,-70.95,2017-10-10 00:00:00,2017-10-31 00:00:00,2017-10-10,2017-10-31,45.843199999999996,110.2,21 days 00:00:00
226,TF,78.0,43.13684822185377,289.03837500085547,15.527480305133068,4.9153845e-12,7.5669845e-11,6.962563642819164,43.108,-70.95,2017-10-31 00:00:00,2017-11-07 00:00:00,2017-10-31,2017-11-07,32.2763,4.9,7 days 00:00:00
227,TF,79.0,43.13684822185377,289.03837500085547,7.68835858982464,1.8541629e-12,1.8201846e-11,1.732839222820534,43.108,-70.95,2017-11-07 00:00:00,2017-11-14 00:00:00,2017-11-07,2017-11-14,22.484599999999997,6.1,7 days 00:00:00
228,TF,80.0,43.13684822185377,289.03837500085547,18.029741948996648,2.3029887e-12,3.667198e-11,3.3674373339956265,43.108,-70.95,2017-11-14 00:00:00,2017-11-21 00:00:00,2017-11-14,2017-11-21,29.9312,20.8,7 days 00:00:00
229,TF,81.0,43.13684822185377,289.03837500085547,12.54249248981345,9.111699e-13,9.059106e-12,0.8614318139772719,43.108,-70.95,2017-11-21 00:00:00,2017-11-28 00:00:00,2017-11-21,2017-11-28,35.9627,10.7,7 days 00:00:00
230,TF,82.0,43.13684822185377,289.03837500085547,2.904608453757618,1.4522894e-12,2.4660324e-11,2.2561298008043433,43.108,-70.95,2017-11-28 00:00:00,2017-12-04 00:00:00,2017-11-28,2017-12-04,16.057800000000004,2.2,6 days 00:00:00
231,TF,83.0,43.13684822185377,289.03837500085547,30.11063381348992,2.426927e-12,2.962124e-11,2.768961556239164,43.108,-70.95,2017-12-04 00:00:00,2017-12-12 00:00:00,2017-12-04,2017-12-12,31.245599999999996,27.7,8 days 00:00:00
232,TF,84.0,43.13684822185377,289.03837500085547,9.49941107855068,4.1142007e-12,4.5858786e-11,4.317666025101599,43.108,-70.95,2017-12-12 00:00:00,2017-12-20 00:00:00,2017-12-12,2017-12-20,10.474799999999998,8.7,8 days 00:00:00
233,TF,85.0,43.13684822185377,289.03837500085547,102.8538162847809,9.366596e-12,9.5292836e-11,9.042575054385598,43.108,-70.95,2017-12-20 00:00:00,2018-01-16 00:00:00,2017-12-20,2018-01-16,28.2702,25.4,27 days 00:00:00
234,TF,86.0,43.13684822185377,289.03837500085547,11.586745277711309,2.7733926e-12,2.9628557e-11,2.7995284156145264,43.108,-70.95,2018-01-16 00:00:00,2018-01-23 00:00:00,2018-01-16,2018-01-23,19.824,17.7,7 days 00:00:00
235,TF,87.0,43.13684822185377,289.03837500085547,13.85390027937028,3.2711318e-12,3.66339e-11,3.447794706882402,43.108,-70.95,2018-01-23 00:00:00,2018-01-30 00:00:00,2018-01-23,2018-01-30,13.5975,18.5,7 days 00:00:00
236,TF,88.0,43.13684822185377,289.03837500085547,38.226567891896934,3.2838658e-12,4.022166e-11,3.7588773059877716,43.108,-70.95,2018-01-30 00:00:00,2018-02-06 00:00:00,2018-01-30,2018-02-06,57.474000000000004,20.6,7 days 00:00:00
237,TF,89.0,43.13684822185377,289.03837500085547,54.56509896077932,7.3568e-12,7.91068e-11,7.470454392978845,43.108,-70.95,2018-02-06 00:00:00,2018-02-13 00:00:00,2018-02-06,2018-02-13,25.823,49.0,7 days 00:00:00
238,TF,90.0,43.13684822185377,289.03837500085547,9.87659898026294,1.2414576e-12,1.3705647e-11,1.2914298128493946,43.108,-70.95,2018-02-13 00:00:00,2018-02-20 00:00:00,2018-02-13,2018-02-20,44.445699999999995,17.9,7 days 00:00:00
239,TF,91.0,43.13684822185377,289.03837500085547,35.18401390394388,2.5629596e-12,3.568267e-11,3.304422277797779,43.108,-70.95,2018-02-20 00:00:00,2018-02-27 00:00:00,2018-02-20,2018-02-27,26.4616,19.4,7 days 00:00:00
240,TF,92.0,43.13684822185377,289.03837500085547,56.6006767095395,3.5021213e-12,3.632985e-11,3.441482349505489,43.108,-70.95,2018-02-27 00:00:00,2018-03-06 00:00:00,2018-02-27,2018-03-06,54.281,17.0,7 days 00:00:00
241,TF,93.0,43.13684822185377,289.03837500085547,97.20599435940613,2.9448319e-12,3.0528788e-11,2.8921208705245256,43.108,-70.95,2018-03-06 00:00:00,2018-03-14 00:00:00,2018-03-06,2018-03-14,67.1202,76.1,8 days 00:00:00
242,TF,94.0,43.13684822185377,289.03837500085547,24.20354426402927,1.5548019e-12,1.4879535e-11,1.4199267874819648,43.108,-70.95,2018-03-14 00:00:00,2018-03-27 00:00:00,2018-03-14,2018-03-27,39.2274,3.1,13 days 00:00:00
243,TF,95.0,43.13684822185377,289.03837500085547,22.796650162881793,3.8267414e-12,4.9931365e-11,4.644700479039517,43.108,-70.95,2018-04-03 00:00:00,2018-04-10 00:00:00,2018-04-03,2018-04-10,28.532400000000003,23.6,7 days 00:00:00
244,TF,96.0,43.13684822185377,289.03837500085547,60.262150624001976,9.518483e-12,1.6401279e-10,14.993102306556928,43.108,-70.95,2018-04-10 00:00:00,2018-04-17 00:00:00,2018-04-10,2018-04-17,170.2378,71.8,7 days 00:00:00
245,TF,97.0,43.13684822185377,289.03837500085547,5.157838542169113,2.4415548e-12,2.9455785e-11,2.7559300728978458,43.108,-70.95,2018-04-17 00:00:00,2018-04-23 00:00:00,2018-04-17,2018-04-23,22.6145,3.1,6 days 00:00:00
246,TF,98.0,43.13684822185377,289.03837500085547,85.65906433731229,8.8414935e-12,1.410666e-10,12.952059263945197,43.108,-70.95,2018-04-23 00:00:00,2018-05-08 00:00:00,2018-04-23,2018-05-08,67.6096,6.4,15 days 00:00:00
247,TF,99.0,43.13684822185377,289.03837500085547,71.65073133433911,9.701408e-12,2.4416114e-10,21.933722363881042,43.108,-70.95,2018-05-08 00:00:00,2018-05-29 00:00:00,2018-05-08,2018-05-29,41.757,15.5,21 days 00:00:00
248,TF,100.0,43.13684822185377,289.03837500085547,18.489411194932277,1.5975439e-12,4.1685537e-11,3.739658068603987,43.108,-70.95,2018-05-29 00:00:00,2018-06-05 00:00:00,2018-05-29,2018-06-05,48.1126,10.9,7 days 00:00:00
249,TF,101.0,43.13684822185377,289.03837500085547,7.536536399055382,1.8295445e-12,7.523959e-11,6.658773555382011,43.108,-70.95,2018-06-12 00:00:00,2018-06-19 00:00:00,2018-06-12,2018-06-19,38.45159999999999,6.6,7 days 00:00:00
250,TF,102.0,43.13684822185377,289.03837500085547,2.168782707659628,7.2819295e-13,3.0774053e-11,2.7217939328142564,43.108,-70.95,2018-07-10 00:00:00,2018-07-17 00:00:00,2018-07-10,2018-07-17,44.016000000000005,16.8,7 days 00:00:00
251,TF,103.0,43.13684822185377,289.03837500085547,55.62602236741666,8.230023e-12,2.9366376e-10,26.083623378965296,43.108,-70.95,2018-07-17 00:00:00,2018-07-24 00:00:00,2018-07-17,2018-07-24,487.0992,76.3,7 days 00:00:00
252,TF,104.0,43.13684822185377,289.03837500085547,53.537739758269254,7.690109e-12,2.1029109e-10,18.83357586135448,43.108,-70.95,2018-07-24 00:00:00,2018-07-31 00:00:00,2018-07-24,2018-07-31,208.4024,71.2,7 days 00:00:00
253,TF,105.0,43.13684822185377,289.03837500085547,21.10116674201197,2.8477407e-12,6.207951e-11,5.609714187360471,43.108,-70.95,2018-07-31 00:00:00,2018-08-07 00:00:00,2018-07-31,2018-08-07,140.8178,49.9,7 days 00:00:00
254,TF,106.0,43.13684822185377,289.03837500085547,56.05824239127699,1.0313056e-11,3.5755268e-10,31.78359934460223,43.108,-70.95,2018-08-07 00:00:00,2018-08-14 00:00:00,2018-08-07,2018-08-14,43.2185,30.5,7 days 00:00:00
255,TF,107.0,43.13684822185377,289.03837500085547,36.82381787554765,8.045546e-12,3.1064554e-10,27.534910495765285,43.108,-70.95,2018-08-14 00:00:00,2018-09-11 00:00:00,2018-08-14,2018-09-11,41.4427,44.9,28 days 00:00:00
256,TF,108.0,43.13684822185377,289.03837500085547,52.08558967828101,2.7930189e-12,8.913792e-11,7.94283280143842,43.108,-70.95,2018-09-11 00:00:00,2018-09-18 00:00:00,2018-09-11,2018-09-18,251.7004,74.6,7 days 00:00:00
257,TF,109.0,43.13684822185377,289.03837500085547,63.19698861871385,2.5032827e-12,6.1732335e-11,5.549957118970668,43.108,-70.95,2018-09-18 00:00:00,2018-09-25 00:00:00,2018-09-18,2018-09-25,32.6729,1.3,7 days 00:00:00
258,TF,110.0,43.13684822185377,289.03837500085547,37.953863909584726,4.9376757e-12,9.335743e-11,8.492697539822242,43.108,-70.95,2018-09-25 00:00:00,2018-10-02 00:00:00,2018-09-25,2018-10-02,138.24,43.2,7 days 00:00:00
259,TF,111.0,43.13684822185377,289.03837500085547,30.481114770707084,4.9124706e-12,8.460985e-11,7.734728225318343,43.108,-70.95,2018-10-02 00:00:00,2018-10-09 00:00:00,2018-10-02,2018-10-09,9.6869,15.7,7 days 00:00:00
260,TF,112.0,43.13684822185377,289.03837500085547,29.388997909024496,2.0293997e-12,2.580048e-11,2.4045015742654803,43.108,-70.95,2018-10-09 00:00:00,2018-10-16 00:00:00,2018-10-09,2018-10-16,70.6524,27.3,7 days 00:00:00
261,TF,113.0,43.13684822185377,289.03837500085547,67.33842022643155,9.1242205e-12,9.035294e-11,8.59482652322436,43.108,-70.95,2018-10-16 00:00:00,2018-10-30 00:00:00,2018-10-16,2018-10-30,271.6788,56.4,14 days 00:00:00
262,TF,114.0,43.13684822185377,289.03837500085547,54.702879418222494,3.7791775e-12,4.8605724e-11,4.526055534939047,43.108,-70.95,2018-10-30 00:00:00,2018-11-06 00:00:00,2018-10-30,2018-11-06,18.7097,83.9,7 days 00:00:00
263,TF,115.0,43.13684822185377,289.03837500085547,142.86479834616506,8.42818e-12,9.2671024e-11,8.734971152839456,43.108,-70.95,2018-11-06 00:00:00,2018-11-20 00:00:00,2018-11-06,2018-11-20,23.8979,59.3,14 days 00:00:00
264,TF,116.0,43.13684822185377,289.03837500085547,32.24311959181825,6.4835676e-12,7.043522e-11,6.645783445949359,43.108,-70.95,2018-11-20 00:00:00,2018-11-27 00:00:00,2018-11-20,2018-11-27,57.25620000000001,62.1,7 days 00:00:00
265,TF,117.0,43.13684822185377,289.03837500085547,53.23826142173971,6.2692963e-12,6.3125e-11,5.9956667274540205,43.108,-70.95,2018-11-27 00:00:00,2018-12-04 00:00:00,2018-11-27,2018-12-04,8.5701,23.1,7 days 00:00:00
266,TF,118.0,43.13684822185377,289.03837500085547,11.533822226045265,2.3635063e-12,2.6682403e-11,2.5095665793102633,43.108,-70.95,2018-12-04 00:00:00,2018-12-18 00:00:00,2018-12-04,2018-12-18,144.6528,12.8,14 days 00:00:00
267,TN11,0.0,35.73488302421445,276.40701705006785,13.44208371786837,2.7797517e-12,7.21792e-11,6.476453391081912,35.6645,-83.5903,2017-02-21 14:44:00,2017-02-28 14:05:00,2017-02-22,2017-03-01,16.42872,21.336,7 days 00:00:00
268,TN11,1.0,35.73488302421445,276.40701705006785,46.60225915205096,4.32351e-12,7.956366e-11,7.247851731248024,35.6645,-83.5903,2017-03-21 13:41:00,2017-03-28 13:59:00,2017-03-22,2017-03-29,32.893,44.45,7 days 00:00:00
269,TN11,2.0,35.73488302421445,276.40701705006785,76.59597298026455,6.9776897e-12,1.8964318e-10,16.98804235564927,35.6645,-83.5903,2017-04-18 13:45:00,2017-04-25 14:25:00,2017-04-19,2017-04-26,61.83884,83.566,7 days 00:00:00
270,TN11,3.0,35.73488302421445,276.40701705006785,41.81778324958696,5.7708022e-12,1.6470061e-10,14.728730029361925,35.6645,-83.5903,2017-05-16 14:40:00,2017-05-23 14:32:00,2017-05-17,2017-05-24,20.1168,25.146,7 days 00:00:00
271,TN11,4.0,35.73488302421445,276.40701705006785,72.81290528176055,5.8391235e-12,4.0058856e-10,35.115352912951096,35.6645,-83.5903,2017-06-13 14:57:00,2017-06-20 15:58:00,2017-06-14,2017-06-21,123.18492,89.916,7 days 00:00:00
272,TN11,5.0,35.73488302421445,276.40701705006785,13.73235153190322,2.7942013e-12,1.8014495e-10,15.805942860777241,35.6645,-83.5903,2017-07-11 14:44:00,2017-07-18 14:16:00,2017-07-12,2017-07-19,17.52854,17.018,7 days 00:00:00
273,TN11,6.0,35.73488302421445,276.40701705006785,6.987304511957715,6.6972995e-13,1.8008447e-11,1.6137944761854324,35.6645,-83.5903,2017-09-11 15:30:00,2017-09-19 15:03:00,2017-09-12,2017-09-20,7.7597000000000005,16.51,8 days 00:00:00
274,TN11,7.0,35.73488302421445,276.40701705006785,41.43704152563821,3.8998796e-12,4.441118e-11,4.174075650745235,35.6645,-83.5903,2017-12-19 19:24:00,2017-12-26 19:29:00,2017-12-20,2017-12-27,20.33016,70.104,7 days 00:00:00
275,TN11,8.0,35.73488302421445,276.40701705006785,43.79607938434504,3.714735e-12,5.102584e-11,4.729585856805846,35.6645,-83.5903,2018-03-13 19:10:00,2018-03-20 14:53:00,2018-03-14,2018-03-21,5.654039999999999,13.462,7 days 00:00:00
276,TN11,9.0,35.73488302421445,276.40701705006785,204.69112837986358,9.474414e-12,3.5746453e-10,31.70352473047533,35.6645,-83.5903,2018-05-22 16:03:00,2018-05-29 19:58:00,2018-05-23,2018-05-30,107.77727999999999,138.176,7 days 00:00:00
277,TN11,10.0,35.73488302421445,276.40701705006785,16.29526637363811,2.9891736e-12,1.7901951e-10,15.725550218254059,35.6645,-83.5903,2018-06-05 14:52:00,2018-06-12 15:22:00,2018-06-06,2018-06-13,22.62632,8.636,7 days 00:00:00
278,TN11,11.0,35.73488302421445,276.40701705006785,18.34541554308622,6.1416454e-12,4.3901308e-10,38.46136736781761,35.6645,-83.5903,2018-07-17 14:44:00,2018-07-24 15:49:00,2018-07-18,2018-07-25,65.66915999999999,47.244,7 days 00:00:00
279,TN11,12.0,35.73488302421445,276.40701705006785,7.096748398179232,3.5414887e-12,1.5687843e-10,13.860280631046589,35.6645,-83.5903,2018-08-21 14:40:00,2018-08-28 15:44:00,2018-08-22,2018-08-29,17.962880000000002,13.208,7 days 00:00:00
280,TN11,13.0,35.73488302421445,276.40701705006785,22.749209404694312,3.93332e-12,2.1323264e-10,18.763139097835328,35.6645,-83.5903,2018-09-18 14:52:00,2018-09-25 15:59:00,2018-09-19,2018-09-26,6.4389,3.302,7 days 00:00:00
281,TN11,14.0,35.73488302421445,276.40701705006785,8.383613774504294,8.4717585e-13,8.56873e-12,0.8135342493414965,35.6645,-83.5903,2018-11-20 13:26:00,2018-11-27 19:44:00,2018-11-21,2018-11-28,37.9984,17.272,7 days 00:00:00
282,TN11,15.0,35.73488302421445,276.40701705006785,11.079098182875668,1.2327867e-12,1.5086222e-11,1.409962440551693,35.6645,-83.5903,2018-12-11 19:30:00,2018-12-18 15:40:00,2018-12-12,2018-12-19,6.0350399999999995,8.382,7 days 00:00:00
283,TX03,0.0,28.48317935068985,262.33931415768063,23.17426508531284,1.7473386e-12,3.6390342e-11,3.2950954693316064,28.4667,-97.7069,2017-01-10 15:24:00,2017-01-17 16:49:00,2017-01-11,2017-01-18,11.557,44.45,7 days 00:00:00
284,TX03,1.0,28.48317935068985,262.33931415768063,4.892652761609808,1.8604406e-12,4.6493483e-11,4.177778974897604,28.4667,-97.7069,2017-02-14 16:00:00,2017-02-21 16:30:00,2017-02-15,2017-02-22,10.90676,28.702,7 days 00:00:00
285,TX03,2.0,28.48317935068985,262.33931415768063,26.492305087666907,1.4281951e-12,1.3285596e-11,1.2712715136044253,28.4667,-97.7069,2017-03-07 15:00:00,2017-03-14 14:30:00,2017-03-08,2017-03-15,9.906,19.05,7 days 00:00:00
286,TX03,3.0,28.48317935068985,262.33931415768063,50.68025248024799,5.2795567e-12,8.4732735e-11,7.777062089047056,28.4667,-97.7069,2017-04-11 14:00:00,2017-04-18 14:00:00,2017-04-12,2017-04-19,13.103860000000001,17.018,7 days 00:00:00
287,TX03,4.0,28.48317935068985,262.33931415768063,54.2693258801704,1.844643e-12,3.5336442e-11,3.212445503195629,28.4667,-97.7069,2017-06-20 15:42:00,2017-06-27 14:25:00,2017-06-21,2017-06-28,7.68096,12.192,7 days 00:00:00
288,TX03,5.0,28.48317935068985,262.33931415768063,16.159513523448034,2.807883e-13,5.562369e-12,0.5048487885679557,28.4667,-97.7069,2017-07-11 15:27:00,2017-07-18 14:30:00,2017-07-12,2017-07-19,27.05862,51.054,7 days 00:00:00
289,TX03,6.0,28.48317935068985,262.33931415768063,21.65903955706483,2.4889695e-12,1.1600897e-10,10.238221957725724,28.4667,-97.7069,2017-08-01 14:30:00,2017-08-08 14:30:00,2017-08-02,2017-08-09,23.39848,47.752,7 days 00:00:00
290,TX03,7.0,28.48317935068985,262.33931415768063,3.2139251322352744,9.0709596e-13,1.8492378e-11,1.6761145027161126,28.4667,-97.7069,2017-09-12 14:00:00,2017-09-19 14:48:00,2017-09-13,2017-09-20,4.6482,15.494,7 days 00:00:00
291,TX03,8.0,28.48317935068985,262.33931415768063,40.387490930718535,2.9400406e-12,4.9661428e-11,4.544766643727518,28.4667,-97.7069,2017-12-11 16:15:00,2017-12-19 15:35:00,2017-12-12,2017-12-20,20.955000000000002,38.1,8 days 00:00:00
292,TX03,9.0,28.48317935068985,262.33931415768063,88.46340810606534,2.302105e-12,2.2719859e-11,2.1618976889931085,28.4667,-97.7069,2018-06-12 14:30:00,2018-06-19 14:30:00,2018-06-13,2018-06-20,37.906960000000005,135.382,7 days 00:00:00
293,TX03,10.0,28.48317935068985,262.33931415768063,7.721600367904818,1.6233859e-12,7.782975e-11,6.864751118332984,28.4667,-97.7069,2018-07-31 14:30:00,2018-08-07 14:30:00,2018-08-01,2018-08-08,5.7912,10.16,7 days 00:00:00
294,TX03,11.0,28.48317935068985,262.33931415768063,15.848408804108871,2.2661406e-12,4.1656487e-11,3.7949151446281526,28.4667,-97.7069,2018-09-18 14:30:00,2018-09-25 14:30:00,2018-09-19,2018-09-26,4.6482,7.62,7 days 00:00:00
295,TX03,12.0,28.48317935068985,262.33931415768063,18.044118759164007,2.4809109e-12,1.8923146e-11,1.8493104938024918,28.4667,-97.7069,2018-10-02 14:30:00,2018-10-09 14:30:00,2018-10-03,2018-10-10,4.24688,11.176,7 days 00:00:00
296,WA14,0.0,47.79879190420984,236.0209635639627,40.478708936942894,8.375342e-13,7.0636127e-12,0.682659087318724,47.8597,-123.9325,2017-01-03 19:03:00,2017-01-10 18:45:00,2017-01-04,2017-01-11,3.78552,31.546,7 days 00:00:00
297,WA14,1.0,47.79879190420984,236.0209635639627,20.214845874022558,1.9026501e-12,1.5900333e-11,1.5381777258155482,47.8597,-123.9325,2017-02-21 21:57:00,2017-02-28 19:55:00,2017-02-22,2017-03-01,7.29504,22.797,7 days 00:00:00
298,WA14,2.0,47.79879190420984,236.0209635639627,140.82051160058117,3.2820294e-12,2.4816624e-11,2.4277237845038435,47.8597,-123.9325,2017-03-21 18:00:00,2017-03-28 19:00:00,2017-03-22,2017-03-29,82.3722,179.07,7 days 00:00:00
299,WA14,3.0,47.79879190420984,236.0209635639627,91.76918537419087,4.0566886e-12,4.589894e-11,4.316166232233575,47.8597,-123.9325,2017-04-18 19:36:00,2017-04-25 17:27:00,2017-04-19,2017-04-26,24.528779999999998,66.294,7 days 00:00:00
300,WA14,4.0,47.79879190420984,236.0209635639627,51.48713750924017,2.8781138e-12,2.4085648e-11,2.3296690420532284,47.8597,-123.9325,2017-05-09 17:30:00,2017-05-16 18:15:00,2017-05-10,2017-05-17,50.931000000000004,113.18,7 days 00:00:00
301,WA14,5.0,47.79879190420984,236.0209635639627,50.51450474553576,1.334339e-12,9.886466e-12,0.9694775302861169,47.8597,-123.9325,2017-06-13 19:10:00,2017-06-20 20:25:00,2017-06-14,2017-06-21,22.1388,38.84,7 days 00:00:00
302,WA14,6.0,47.79879190420984,236.0209635639627,8.317515688636892,1.447829e-12,1.3483612e-11,1.2900764806539102,47.8597,-123.9325,2017-07-18 17:27:00,2017-07-25 20:45:00,2017-07-19,2017-07-26,7.68144,14.772,7 days 00:00:00
303,WA14,7.0,47.79879190420984,236.0209635639627,42.29340889599332,5.4003774e-13,6.676388e-12,0.6234992010808696,47.8597,-123.9325,2017-09-13 00:45:00,2017-09-19 18:00:00,2017-09-13,2017-09-20,7.4502,37.251,7 days 00:00:00
304,WA14,8.0,47.79879190420984,236.0209635639627,28.512130340144214,1.2472416e-12,1.0651309e-11,1.0280347788194517,47.8597,-123.9325,2017-10-03 22:40:00,2017-10-10 21:15:00,2017-10-04,2017-10-11,14.59535,41.701,7 days 00:00:00
305,WA14,9.0,47.79879190420984,236.0209635639627,240.95794590337505,3.9123756e-12,2.9313888e-11,2.8707491883661618,47.8597,-123.9325,2017-11-21 17:30:00,2017-11-28 17:45:00,2017-11-22,2017-11-29,46.28382,210.381,7 days 00:00:00
306,WA14,10.0,47.79879190420984,236.0209635639627,9.099499516684872,3.9797787e-13,3.4862796e-12,0.33559984908247686,47.8597,-123.9325,2017-12-19 20:30:00,2017-12-26 23:00:00,2017-12-20,2017-12-27,17.47088,13.136,7 days 00:00:00
307,WA14,11.0,47.79879190420984,236.0209635639627,105.68440069450256,2.4177203e-12,1.7638425e-11,1.7328509351897323,47.8597,-123.9325,2018-01-09 20:40:00,2018-01-16 19:00:00,2018-01-10,2018-01-17,31.49579,76.819,7 days 00:00:00
308,WA14,12.0,47.79879190420984,236.0209635639627,6.921516159694163,3.2975478e-13,5.0649667e-12,0.46610392757354296,47.8597,-123.9325,2018-03-13 16:30:00,2018-03-20 15:30:00,2018-03-14,2018-03-21,1.42225,28.445,7 days 00:00:00
309,WA14,13.0,47.79879190420984,236.0209635639627,53.5448854854792,3.456433e-12,4.12577e-11,3.863300808166353,47.8597,-123.9325,2018-06-05 18:30:00,2018-06-12 17:00:00,2018-06-06,2018-06-13,16.43488,56.672,7 days 00:00:00
310,WA14,14.0,47.79879190420984,236.0209635639627,28.063615765638872,2.1157095e-12,4.2446706e-11,3.850192593652518,47.8597,-123.9325,2018-07-03 16:50:00,2018-07-10 18:15:00,2018-07-04,2018-07-11,6.24712,7.099,7 days 00:00:00
311,WA14,15.0,47.79879190420984,236.0209635639627,8.113593440411647,1.8910912e-13,9.116103e-12,0.8039702696551604,47.8597,-123.9325,2018-08-21 17:20:00,2018-08-28 16:30:00,2018-08-22,2018-08-29,10.4954,5.41,7 days 00:00:00
312,WA14,16.0,47.79879190420984,236.0209635639627,37.085519479440606,1.8304123e-12,3.432508e-11,3.123834540307549,47.8597,-123.9325,2018-09-11 15:50:00,2018-09-18 17:20:00,2018-09-12,2018-09-19,2.6532,5.896,7 days 00:00:00
313,WA14,17.0,47.79879190420984,236.0209635639627,37.95590550019767,8.806879e-13,1.5900822e-11,1.449922377863913,47.8597,-123.9325,2018-10-02 15:30:00,2018-10-09 23:27:00,2018-10-03,2018-10-10,18.41152,29.696,7 days 00:00:00
314,WA14,18.0,47.79879190420984,236.0209635639627,247.44196556456544,4.2237784e-12,4.184708e-11,3.980522403877751,47.8597,-123.9325,2018-11-20 17:45:00,2018-11-27 20:45:00,2018-11-21,2018-11-28,55.08464,211.864,7 days 00:00:00
315,WA14,19.0,47.79879190420984,236.0209635639627,241.16474081736783,5.908621e-12,5.5762173e-11,5.32835663091813,47.8597,-123.9325,2018-12-11 18:45:00,2018-12-18 17:15:00,2018-12-12,2018-12-19,103.67077,211.573,7 days 00:00:00
316,WV05,0.0,38.93772046353904,279.10195085373863,13.105522565171057,1.825695e-12,2.1347087e-11,2.0021283872006905,38.8794,-80.8476,2017-01-03 21:04:00,2017-01-10 21:25:00,2017-01-04,2017-01-11,7.239000000000001,19.05,7 days 00:00:00
317,WV05,1.0,38.93772046353904,279.10195085373863,41.751900490538674,6.0601997e-12,1.0828173e-10,9.87914321675471,38.8794,-80.8476,2017-02-21 21:30:00,2017-02-28 16:05:00,2017-02-22,2017-03-01,4.1148,11.43,7 days 00:00:00
318,WV05,2.0,38.93772046353904,279.10195085373863,18.21203927185877,4.7349754e-12,7.9345946e-11,7.2645916199589005,38.8794,-80.8476,2017-03-21 18:40:00,2017-03-28 19:16:00,2017-03-22,2017-03-29,18.999200000000002,27.94,7 days 00:00:00
319,WV05,3.0,38.93772046353904,279.10195085373863,40.39266573059308,4.789627e-12,1.0340608e-10,9.348109108672787,38.8794,-80.8476,2017-04-18 19:40:00,2017-04-25 18:30:00,2017-04-19,2017-04-26,15.07236,21.844,7 days 00:00:00
320,WV05,4.0,38.93772046353904,279.10195085373863,44.22927640295171,5.9156616e-12,3.4829323e-10,30.603648253080262,38.8794,-80.8476,2017-06-13 19:00:00,2017-06-20 15:20:00,2017-06-14,2017-06-21,41.9608,59.944,7 days 00:00:00
321,WV05,5.0,38.93772046353904,279.10195085373863,16.423548237337606,5.0479256e-12,2.8913466e-10,25.41737706557301,38.8794,-80.8476,2017-07-11 21:00:00,2017-07-18 18:25:00,2017-07-12,2017-07-19,45.859700000000004,29.21,7 days 00:00:00
322,WV05,6.0,38.93772046353904,279.10195085373863,15.421951533361973,5.6245624e-12,1.908956e-10,16.979341661968114,38.8794,-80.8476,2017-08-08 20:15:00,2017-08-15 19:02:00,2017-08-09,2017-08-16,18.653760000000002,18.288,7 days 00:00:00
323,WV05,7.0,38.93772046353904,279.10195085373863,21.958047952143644,1.4244653e-12,3.083728e-11,2.7874149447047083,38.8794,-80.8476,2017-10-03 19:25:00,2017-10-10 20:30:00,2017-10-04,2017-10-11,15.011399999999998,50.038,7 days 00:00:00
324,WV05,8.0,38.93772046353904,279.10195085373863,27.74396936209289,5.5931093e-12,9.398323e-11,8.603395605806,38.8794,-80.8476,2017-11-14 17:15:00,2017-11-21 20:40:00,2017-11-15,2017-11-22,5.84454,9.906,7 days 00:00:00
325,WV05,9.0,38.93772046353904,279.10195085373863,46.534805164305524,6.0986108e-12,6.2776256e-11,5.950788801288998,38.8794,-80.8476,2017-12-19 20:45:00,2017-12-26 22:20:00,2017-12-20,2017-12-27,19.2024,30.48,7 days 00:00:00
326,WV05,10.0,38.93772046353904,279.10195085373863,42.28766887419688,5.3192797e-12,5.856078e-11,5.519237199077283,38.8794,-80.8476,2018-01-09 20:35:00,2018-01-16 19:40:00,2018-01-10,2018-01-17,19.2024,53.34,7 days 00:00:00
327,WV05,11.0,38.93772046353904,279.10195085373863,72.28528279221158,6.7605895e-12,8.3667906e-11,7.813022126143543,38.8794,-80.8476,2018-02-06 21:10:00,2018-02-13 20:50:00,2018-02-07,2018-02-14,23.150400000000005,41.34,7 days 00:00:00
328,WV05,12.0,38.93772046353904,279.10195085373863,17.219553539934985,3.994567e-12,5.557018e-11,5.1463942362698525,38.8794,-80.8476,2018-03-14 13:45:00,2018-03-20 18:25:00,2018-03-15,2018-03-21,4.16052,9.906,6 days 00:00:00
329,WV05,13.0,38.93772046353904,279.10195085373863,18.865812224933,6.0237735e-12,7.8650086e-11,7.315821461860916,38.8794,-80.8476,2018-04-03 20:30:00,2018-04-10 21:05:00,2018-04-04,2018-04-11,8.77824,24.384,7 days 00:00:00
330,WV05,14.0,38.93772046353904,279.10195085373863,115.76678928122419,1.0802471e-11,3.885775e-10,34.50642941382753,38.8794,-80.8476,2018-05-15 17:35:00,2018-05-22 18:50:00,2018-05-16,2018-05-23,28.539440000000003,53.848,7 days 00:00:00
331,WV05,15.0,38.93772046353904,279.10195085373863,74.66175958881216,8.621535e-12,3.8069065e-10,33.63657336722141,38.8794,-80.8476,2018-06-06 10:35:00,2018-06-12 12:45:00,2018-06-06,2018-06-13,15.43304,12.446,7 days 00:00:00
332,WV05,16.0,38.93772046353904,279.10195085373863,12.521726602927519,2.8524373e-12,1.8354106e-10,16.104398217878238,38.8794,-80.8476,2018-07-10 20:00:00,2018-07-17 12:35:00,2018-07-11,2018-07-18,21.6408,10.16,7 days 00:00:00
333,WV05,17.0,38.93772046353904,279.10195085373863,3.902215407789654,1.3882079e-12,8.905932e-11,7.814666686858916,38.8794,-80.8476,2018-08-21 20:15:00,2018-08-28 19:35:00,2018-08-22,2018-08-29,40.9448,26.416,7 days 00:00:00
334,WV05,18.0,38.93772046353904,279.10195085373863,38.02947186935389,5.8641364e-12,2.6983696e-10,23.82057334858868,38.8794,-80.8476,2018-09-18 21:10:00,2018-09-25 21:20:00,2018-09-19,2018-09-26,50.5968,63.246,7 days 00:00:00
335,WV05,19.0,38.93772046353904,279.10195085373863,1.141776649551951,6.3466116e-13,2.2142087e-11,1.967911036568088,38.8794,-80.8476,2018-10-02 19:50:00,2018-10-09 19:35:00,2018-10-03,2018-10-10,15.930880000000002,28.448,7 days 00:00:00
336,WV05,20.0,38.93772046353904,279.10195085373863,26.463814737981906,2.3222815e-12,2.2895068e-11,2.1787789843384786,38.8794,-80.8476,2018-11-20 21:00:00,2018-11-27 21:40:00,2018-11-21,2018-11-28,9.611360000000001,21.844,7 days 00:00:00
337,WV05,21.0,38.93772046353904,279.10195085373863,23.508014647699582,2.1190157e-12,2.1253508e-11,2.0193860685198404,38.8794,-80.8476,2018-12-11 14:15:00,2018-12-18 15:05:00,2018-12-12,2018-12-19,11.78496,38.016,7 days 00:00:00
338,WY08,0.0,44.87797929930203,249.62319020303957,14.328715068787773,1.7064894e-12,1.4098334e-11,1.3655366457962639,44.9166,-110.4203,2017-01-04 19:30:00,2017-01-10 17:45:00,2017-01-05,2017-01-11,4.33832,15.494,6 days 00:00:00
339,WY08,1.0,44.87797929930203,249.62319020303957,11.936468220241636,1.2396141e-12,1.0955736e-11,1.0536783186200147,44.9166,-110.4203,2017-03-20 19:30:00,2017-03-27 19:45:00,2017-03-21,2017-03-28,9.9568,14.224,7 days 00:00:00
340,WY08,2.0,44.87797929930203,249.62319020303957,12.214934152154914,1.8966593e-12,3.037668e-11,2.7884165531254226,44.9166,-110.4203,2017-05-15 21:30:00,2017-05-22 21:00:00,2017-05-16,2017-05-23,23.622,25.4,7 days 00:00:00
341,WY08,3.0,44.87797929930203,249.62319020303957,51.277009144357066,6.2242616e-12,1.5395799e-10,13.839746355291265,44.9166,-110.4203,2017-09-12 15:15:00,2017-09-19 17:45:00,2017-09-13,2017-09-20,34.8615,57.15,7 days 00:00:00
342,WY08,4.0,44.87797929930203,249.62319020303957,17.958321428324098,1.9211878e-12,1.6081417e-11,1.5554250208278058,44.9166,-110.4203,2017-11-13 21:00:00,2017-11-21 17:45:00,2017-11-14,2017-11-22,6.72084,12.446,8 days 00:00:00
343,WY08,5.0,44.87797929930203,249.62319020303957,20.389519234717138,1.3203519e-12,1.1961456e-11,1.1475482720974541,44.9166,-110.4203,2018-01-09 22:00:00,2018-01-17 18:15:00,2018-01-10,2018-01-18,6.2992,15.748,8 days 00:00:00
344,WY08,6.0,44.87797929930203,249.62319020303957,30.034256974253992,5.038666e-12,1.1669983e-10,10.518205999926478,44.9166,-110.4203,2018-05-22 20:30:00,2018-05-29 20:30:00,2018-05-23,2018-05-30,11.57986,24.638,7 days 00:00:00
345,WY08,7.0,44.87797929930203,249.62319020303957,61.07703986828472,3.31764e-12,1.1381637e-10,10.120378530270138,44.9166,-110.4203,2018-06-12 21:15:00,2018-06-18 20:00:00,2018-06-13,2018-06-19,24.42718,41.402,6 days 00:00:00
346,WY08,8.0,44.87797929930203,249.62319020303957,14.690685438684127,4.962679e-12,1.3239716e-10,11.867890520322888,44.9166,-110.4203,2018-08-21 14:45:00,2018-08-28 20:15:00,2018-08-22,2018-08-29,21.7932,15.24,7 days 00:00:00
347,WY08,9.0,44.87797929930203,249.62319020303957,20.293309337349186,1.5287773e-12,2.2354058e-11,2.0634769065316916,44.9166,-110.4203,2018-10-02 18:45:00,2018-10-09 15:30:00,2018-10-03,2018-10-10,10.096499999999999,13.462,7 days 00:00:00
348,WY08,10.0,44.87797929930203,249.62319020303957,7.673181661260742,6.1031e-13,6.453502e-12,0.610313342637274,44.9166,-110.4203,2018-11-21 16:45:00,2018-11-26 20:15:00,2018-11-22,2018-11-27,3.74904,9.144,5 days 00:00:00
349,WY08,11.0,44.87797929930203,249.62319020303957,7.147600740076143,8.2090606e-13,7.967846e-12,0.7593481965248152,44.9166,-110.4203,2018-12-10 19:15:00,2018-12-18 19:00:00,2018-12-11,2018-12-19,2.8066999999999998,4.318,8 days 00:00:00
